الرقم;التسلسلي,الاسم,الاسم;الانجليزي,الوصف,النوع,الباركود,صنف;المنتج,يُشتَرى,سعر;الشراء,يُبَاع,سعر;البيع,الكمية,مخزون؟,منتج;نقاط;بيع
160723010002,اندومي رامن,buldak,اندومي رامن كوري,منتج,8801073113893,اغذيه,نعم,5.0,نعم,7.0,0,نعم,نعم;;;;;;;
227641735047,كريم ترط\يب,body cream,فازلين ,منتج,6291012247888,كريمات شعر وللجسم,نعم,10.0,نعم,15.0,0,نعم,نعم;;;;;;;
402437850316,كريم برتقالي,orange cream,كريم ترطيب,منتج,6294007501316,كريمات شعر وللجسم,نعم,12.0,نعم,15.0,0,نعم,نعم;;;;;;;
143844678998,كرريم برو,pro,كريم برو,منتج,6291012002227,كريمات شعر وللجسم,نعم,8.0,نعم,13.0,0,نعم,نعم;;;;;;;
154763141926,لوكس غسول جسم,luxc,لوكس غسول الجسم,منتج,6221155211514,غسول للجسم,نعم,13.5,نعم,18.0,0,نعم,نعم;;;;;;;
649891336113,فاتيكا,vatika,بالصبار,منتج,6291069651034,كريمات شعر وللجسم,نعم,7.0,نعم,10.0,0,نعم,نعم;;;;;;;
725725153153,كريم مغذي للشعر,palmersd,;كريم للشعر,منتج,010181066252,كريمات شعر وللجسم,نعم,5.0,نعم,12.0,0,نعم,نعم;;;;;;
"396984841485,فاتيكا جوز هند,فاتيكا جوز هند,"""",منتج,6291069651058,كريمات شعر وللجسم,نعم,5.0,نعم,10.0,0,نعم,نعم";;;;;;;
"535812869653,بطاطس عمان كبير,بطاطس عمان كبير,"""",منتج,9501100018120,شبس,نعم,5.0,نعم,8.0,0,نعم,نعم";;;;;;;
"679872875661,غذاء قطط,غذاء قطط,"""",منتج,8859710205227,غذاء الحيوان الاليف,نعم,3.0,نعم,5.0,0,نعم,نعم";;;;;;;
"937127461158,قطط,قطط,"""",منتج,8859710205241,غذاء الحيوان الاليف,نعم,3.0,نعم,5.0,0,نعم,نعم";;;;;;;
817719764542,شامبو اطفال 300مل,شامبو اطفال 300مل,شامبو اطفال 300  مل,منتج,3574661743202,شامبوهات,نعم,10.0,نعم,17.0,0,نعم,نعم;;;;;;;
"613609529895,شامبو اطفال 200مل,شامبو اطفال 200مل,"""",منتج,3574669907552,شامبوهات,نعم,4.0,نعم,8.0,0,نعم,نعم";;;;;;;
"754364651436,شامبو اطفال 500مل,شامبو اطفال 500مل,"""",منتج,3574669907545 ,شامبوهات,نعم,19.0,نعم,23.0,0,نعم,نعم";;;;;;;
"681543763658,شامبو جونسون 200مل,جونسون 200مل,"""",منتج,3574669908030,شامبوهات,نعم,6.9,نعم,9.5,0,نعم,نعم";;;;;;;
"685250625996,شاني 320مل,شاني 320مل,"""",منتج,012000057465,مشروبات غازيه,نعم,1.0,نعم,2.5,0,نعم,نعم";;;;;;;
"984908956597,بيبسي دايت,بيبسي دايت,"""",منتج,012000057359,مشروبات غازيه,نعم,2.16,نعم,3.0,0,نعم,نعم";;;;;;;
"551623982605,ميرندا حمضيات,ميرندا حمضيات,"""",منتج,012000057397,مشروبات غازيه,نعم,2.0,نعم,2.5,0,نعم,نعم";;;;;;;
"417448041556,سفن اب زيرو320مل,سفن اب زيرو320مل,"""",منتج,012000057373,مشروبات غازيه,نعم,1.0,نعم,2.5,0,نعم,نعم";;;;;;;
"431969424260,بربيكان فراوله 250 مل,بربيكان فراوله 250 مل,"""",منتج,6297000747736,مشروبات غازيه,نعم,1.0,نعم,3.0,0,نعم,نعم";;;;;;;
"585855880971,سبادا,سبادا,"""",منتج,6287034240006,مشروبات غازيه,نعم,1.0,نعم,3.0,0,نعم,نعم";;;;;;;
"490489937487,ريتا توت ازرق  240مل علب ,ريتا توت ازرق  240مل علب ,"""",منتج,"""",مشروبات غازيه,نعم,1.66,نعم,2.5,0,نعم,نعم";;;;;;;
"794834992883,بايسن 250مل,بايسن 250مل,"""",منتج,6281060030112,مشروبات غازيه,نعم,3.95,نعم,5.0,0,نعم,نعم";;;;;;;
"904805011500,هولستن 230مل,هولستن 230مل,"""",منتج,"""",مشروبات غازيه,نعم,3.0,نعم,7.0,0,نعم,نعم";;;;;;;
"865079637400,ردبول 250مل,ردبول 250مل,"""",منتج,90162602,مشروبات غازيه,نعم,6.0,نعم,12.0,0,نعم,نعم";;;;;;;
"369554878374,بوم بوم,بوم بوم,"""",منتج,6281103690105,مشروبات غازيه,نعم,2.0,نعم,5.0,0,نعم,نعم";;;;;;;
"172159476220,بربيكان تفاح 250مل,بربيكان تفاح 250مل,"""",منتج,6297000747705,مشروبات غازيه,نعم,1.0,نعم,3.0,0,نعم,نعم";;;;;;;
"253001914211,هلزبرغ330مل,هلزبرغ330مل,"""",منتج,6281103700460,مشروبات غازيه,نعم,1.0,نعم,7.0,0,نعم,نعم";;;;;;;
"959511363757,ريتا باشن فروت 240 مل علب ,ريتا باشن فروت 240 مل علب ,"""",منتج,6285572002353,عصائر,نعم,1.66,نعم,2.5,0,نعم,نعم";;;;;;;
"380946965207,باور هورس250مل,باور هورس250مل,"""",منتج,9001372251329,مشروبات غازيه,نعم,7.5,نعم,10.0,0,نعم,نعم";;;;;;;
"581766729811,ريتا ليمون 240مل,ريتا ليمون 240مل,"""",منتج,6285572002148,مشروبات غازيه,نعم,1.0,نعم,2.5,0,نعم,نعم";;;;;;;
"112159376534,ريتا كولا 240 مل,ريتا كولا 240 مل,"""",منتج,6285572002193,مشروبات غازيه,نعم,1.0,نعم,2.5,0,نعم,نعم";;;;;;;
"784317738724,ريتا 240مل,ريتا 240مل,"""",منتج,6285572002001,مشروبات غازيه,نعم,1.0,نعم,2.5,0,نعم,نعم";;;;;;;
"144094340664,ميرندا بلاس 300مل,ميرندا بلاس 300مل,"""",منتج,012000063046,مشروبات غازيه,نعم,1.0,نعم,3.5,0,نعم,نعم";;;;;;;
"539152533340,ريتا توت 275مل,ريتا توت 275مل,"""",منتج,6285572000250,مشروبات غازيه,نعم,1.0,نعم,4.0,0,نعم,نعم";;;;;;;
"722196064283,ريتا ليمون زجاج 275مل,ريتا ليمون زجاج 275مل,"""",منتج,6285572001806,مشروبات غازيه,نعم,1.0,نعم,4.0,0,نعم,نعم";;;;;;;
"532024445245,ريتا حبحب زجاج330مل,ريتا حبحب زجاج330مل,"""",منتج,6281100518044,مشروبات غازيه,نعم,1.0,نعم,4.0,0,نعم,نعم";;;;;;;
"759125656681,ريتا مشروب غازي 275مل,ريتا مشروب غازي 275مل,"""",منتج,6287042951925,مشروبات غازيه,نعم,1.0,نعم,4.0,0,نعم,نعم";;;;;;;
"796700862173,ماونتن ديو علب  320مل,ماونتن ديو علب  320مل,"""",منتج,012000052590,مشروبات غازيه,نعم,2.1,نعم,3.0,0,نعم,نعم";;;;;;;
"930258493242,ليبتون ليمون 315مل,ليبتون ليمون 315مل,"""",منتج,012000055690,مشروبات غازيه,نعم,1.0,نعم,3.0,0,نعم,نعم";;;;;;;
"376452665618,ليبتون كوكتيل 315مل,ليبتون كوكتيل 315مل,"""",منتج,6281168003162,مشروبات غازيه,نعم,1.0,نعم,3.0,0,نعم,نعم";;;;;;;
"992802393195,ليبتون خوخ 315مل,ليبتون خوخ 315مل,"""",منتج,6281168003124,مشروبات غازيه,نعم,1.0,نعم,3.0,0,نعم,نعم";;;;;;;
"870191634771,ميرندا حمضيات زيرو سكر 320مل,ميرندا حمضيات زيرو سكر 320مل,"""",منتج,012000063411,مشروبات غازيه,نعم,1.0,نعم,2.5,0,نعم,نعم";;;;;;;
"455317855947,ميرندا تفاح320مل,ميرندا تفاح320مل,"""",منتج,012000057410,مشروبات غازيه,نعم,2.1,نعم,3.0,0,نعم,نعم";;;;;;;
"649908992180,ماونتن ديو زيرو علب 320مل,ماونتن ديو زيرو علب 320مل,"""",منتج,012000060892,مشروبات غازيه,نعم,2.17,نعم,3.0,0,نعم,نعم";;;;;;;
"116812841743,ميرندا فراوله 320مل,ميرندا فراوله 320مل,"""",منتج,012000057403,مشروبات غازيه,نعم,1.0,نعم,2.5,0,نعم,نعم";;;;;;;
"580716387755,ميرندا برتقال 320مل,ميرندا برتقال 320مل,"""",منتج,012000057380,مشروبات غازيه,نعم,2.16,نعم,3.0,0,نعم,نعم";;;;;;;
"469152378208,سفن اب 240مل,سفن اب 240مل,"""",منتج,012000057236,مشروبات غازيه,نعم,1.73,نعم,2.0,0,نعم,نعم";;;;;;;
"449454952220,ديو 240 مل,ديو 245مل,"""",منتج,012000050930,مشروبات غازيه,نعم,1.73,نعم,2.0,0,نعم,نعم";;;;;;;
"284969091299,ميرندا حمضيات 240مل,ميرندا حمضيات 240مل,"""",منتج,012000057267,مشروبات غازيه,نعم,1.73,نعم,2.0,0,نعم,نعم";;;;;;;
"731043151241,ميرندا برتقال 240 مل,ميرندا برتقال 240 مل,"""",منتج,012000050954,مشروبات غازيه,نعم,1.73,نعم,2.0,0,نعم,نعم";;;;;;;
"449963744120,بيبسي 240مل,بيبسي 240مل,"""",منتج,012000057212,مشروبات غازيه,نعم,1.73,نعم,2.0,0,نعم,نعم";;;;;;;
"829393237887,شاني240مل,شاني240مل,"""",منتج,012000057335,مشروبات غازيه,نعم,1.0,نعم,2.0,0,نعم,نعم";;;;;;;
"113905769246,بيبسي250ملي بلاسنيك,بيبسي250ملي بلاسنيك,"""",منتج,012000048098,مشروبات غازيه,نعم,1.0,نعم,1.5,0,نعم,نعم";;;;;;;
"712234188539,بيبسيس صغير 150مل,بيبسيس صغير 150مل,"""",منتج,"""",مشروبات غازيه,نعم,1.0,نعم,2.0,0,نعم,نعم";;;;;;;
"250263860869,ستينج 250مل,ستينج 250مل,"""",منتج,012000063640,مشروبات غازيه,نعم,1.0,نعم,1.5,0,نعم,نعم";;;;;;;
"353744580574,ميرندا 250مل بلاستيك,ميرندا 250مل بلاستيك,"""",منتج,012000056338,مشروبات غازيه,نعم,1.0,نعم,1.5,0,نعم,نعم";;;;;;;
"157852066793,ميرندا 250 مل بلاستيك,ميرندا 250 مل بلاستيك,"""",منتج,012000048111,مشروبات غازيه,نعم,1.0,نعم,1.5,0,نعم,نعم";;;;;;;
"668647445479,سفن اب صغير 150مل,سفن اب صغير 1560مل,"""",منتج,012000804083,مشروبات غازيه,نعم,1.0,نعم,2.0,0,نعم,نعم";;;;;;;
"580321908865,شاني 1 ليتر,شاني 1 ليتر,"""",منتج,012000803192,مشروبات غازيه,نعم,4.38,نعم,6.0,0,نعم,نعم";;;;;;;
"105784431445,ميرند2.25ليتر,ميرند2.25ليتر,"""",منتج,012000800191,مشروبات غازيه,نعم,4.0,نعم,9.0,0,نعم,نعم";;;;;;;
"878315990950,ميرندا 1 ليتر,ميرندا 1 ليتر,"""",منتج,012000802850,مشروبات غازيه,نعم,3.0,نعم,5.0,0,نعم,نعم";;;;;;;
"232520227922,ميرندا حمضيات 1ليتر,ميرندا حمضيات 1ليتر,"""",منتج,012000804670,مشروبات غازيه,نعم,4.35,نعم,6.0,0,نعم,نعم";;;;;;;
"612053945157,ديو 1ليتر,ديو 1ليتر,"""",منتج,012000002977,مشروبات غازيه,نعم,4.3,نعم,6.0,0,نعم,نعم";;;;;;;
"767588844823,ميرندا حمضيات 2.2 ليتر,ميرندا حمضيات 2.2 ليتر,"""",منتج,012000051784,مشروبات غازيه,نعم,7.5,نعم,10.0,0,نعم,نعم";;;;;;;
"424567727703,كوكا كولا 990 مل,كوكا كولا 990 مل,"""",منتج,5449000325570,مشروبات غازيه,نعم,3.16,نعم,4.0,0,نعم,نعم";;;;;;;
"879470696757,سفن اب 1ليتر,سفن اب 1ليتر,"""",منتج,012000108402,مشروبات غازيه,نعم,4.3,نعم,6.0,0,نعم,نعم";;;;;;;
"283140838688,سفن اب 2.20ليتر,سفن اب 2.20ليتر - 03018,"""",منتج,012000051791,مشروبات غازيه,نعم,7.33,نعم,10.0,0,نعم,نعم";;;;;;;
"516751918967,سن كولا علب 250 مل ,سن كولا علب 250 مل ,"""",منتج,6281012033321,مشروبات غازيه,نعم,1.69,نعم,2.5,0,نعم,نعم";;;;;;;
"358734529617,اندومي خضار كبار 75 جرام ,اندومي خضار كبار 75 جرام ,"""",منتج,089686120226,اغذيه,نعم,6.4,نعم,9.0,0,نعم,نعم";;;;;;;
"940355603293,لبن المراعي  كامل الدسم 360مل,لبن المراعي  كامل الدسم 360مل,لبن,منتج,"""",الالبان والحليب,نعم,2.88,نعم,3.0,0,نعم,نعم";;;;;;;
"447230688431,لبن زبادي المراعي 180 مل,لبن زبادي المراعي 180 مل,"""",منتج,"""",الالبان والحليب,نعم,1.9,نعم,2.0,0,نعم,نعم";;;;;;;
"841592609624,لبن خالي الدسم 360مل المراعي,لبن خالي الدسم 360مل المراعي,"""",منتج,6281007023498,الالبان والحليب,نعم,2.88,نعم,3.0,0,نعم,نعم";;;;;;;
"224993778014,لبن قليل الدسم فيتامين 180مل المراعي,لبن قليل الدسم فيتامين 180مل المراعي,"""",منتج,"""",الالبان والحليب,نعم,1.9,نعم,2.0,0,نعم,نعم";;;;;;;
"600598278113,لبن خالي الدسم 2.85لتر المراعي,لبن خالي الدسم 2.85لتر المراعي,"""",منتج,"""",الالبان والحليب,نعم,13.77,نعم,14.5,0,نعم,نعم";;;;;;;
"394221621288,لبن كامل الدسم (عبوة2*1لتر) المراعي,لبن كامل الدسم (عبوة2*1لتر) المراعي,"""",منتج,"""",الالبان والحليب,نعم,10.47,نعم,11.0,0,نعم,نعم";;;;;;;
"589687262066,لبن مانجو 180مل المراعي,لبن مانجو 180مل المراعي,"""",منتج,"""",الالبان والحليب,نعم,1.9,نعم,2.0,0,نعم,نعم";;;;;;;
"714577108281,لبن قليل الدسم 1.4لتر المراعي,لبن قليل الدسم 1.4لتر المراعي,"""",منتج,"""",الالبان والحليب,نعم,7.6,نعم,8.0,0,نعم,نعم";;;;;;;
"527839925259,حليب كامل الدسم 500مل المراعي,حليب كامل الدسم 500مل المراعي,"""",منتج,"""",الالبان والحليب,نعم,3.82,نعم,4.0,0,نعم,نعم";;;;;;;
"474052161565,حليب كامل الدسم 2 ليتر,حليب كامل الدسم 2 ليتر,"""",منتج,6281007120401,الالبان والحليب,نعم,9.5,نعم,11.0,0,نعم,نعم";;;;;;;
"959216363438,حليب كامل الدسم 1.4 ليتر المراعي,حليب كامل الدسم 2 ليتر المراعي,"""",منتج,6281007070058,الالبان والحليب,نعم,7.39,نعم,8.5,0,نعم,نعم";;;;;;;
"565268711675,حليب بنكهه الكراميل 230مل,حليب بنكهه الكراميل 230مل,"""",منتج,"""",الالبان والحليب,نعم,2.88,نعم,3.0,0,نعم,نعم";;;;;;;
"748550093852,زبادي ستروبيري 100جم,زبادي ستروبيري 100جم,"""",منتج,"""",الالبان والحليب,نعم,1.61,نعم,2.0,0,نعم,نعم";;;;;;;
"101041259649,زبادي ستروبيري 150جم المراعي,زبادي ستروبيري 150جم المراعي,"""",منتج,"""",الالبان والحليب,نعم,1.81,نعم,2.0,0,نعم,نعم";;;;;;;
"193002060253,زبادي يوناني 150gm المراعي,زبادي يوناني 150gm المراعي,"""",منتج,6281007046466,الالبان والحليب,نعم,1.81,نعم,2.0,0,نعم,نعم";;;;;;;
"761042940989,لبن مانجو 1.4 ليتر المراعي,لبن مانجو 1.4 ليتر المراعي,"""",منتج,"""",الالبان والحليب,نعم,7.8,نعم,8.0,0,نعم,نعم";;;;;;;
"208585561234,حليب الفونسو مانجو 360مل,حليب الفونسو مانجو 360مل,"""",منتج,6281007036092,الالبان والحليب,نعم,3.48,نعم,4.0,0,نعم,نعم";;;;;;;
"454202165655,لبن المراعي كامل الدسم 2 ليتر,لبن المراعي كامل الدسم 2 ليتر,"""",منتج,6281007110402,الالبان والحليب,نعم,9.5,نعم,11.0,0,نعم,نعم";;;;;;;
"535434850867,عصير المراعي ليمون 200مل,عصير المراعي ليمون 200مل,"""",منتج,6281007053662,عصائر,نعم,1.5,نعم,2.0,0,نعم,نعم";;;;;;;
"978739621963,عصير المراعي تفاح 200مل,عصير المراعي تفاح 200مل,"""",منتج,6281007055321,عصائر,نعم,0.83,نعم,1.0,0,نعم,نعم";;;;;;;
"971673431389,حليب بروتين 400مل المراعي,حليب بروتين 400مل المراعي,"""",منتج,6281007073127,الالبان والحليب,نعم,7.8,نعم,9.0,0,نعم,نعم";;;;;;;
"331118201989,عصير التوت 200مل المراعي,عصير التوت 200مل المراعي,"""",منتج,6281007053723,عصائر,نعم,1.5,نعم,2.0,0,نعم,نعم";;;;;;;
"218261159615,عصير برتقال 200مل المراعي,عصير برتقال 200مل المراعي,"""",منتج,6281007055284,عصائر,نعم,1.5,نعم,2.0,0,نعم,نعم";;;;;;;
"722364653149,حليب الفونسو مانجو 225مل,حليب الفونسو مانجو 225مل,"""",منتج,6281007060363,الالبان والحليب,نعم,2.6,نعم,3.0,0,نعم,نعم";;;;;;;
"145633921627,حليب الفراوله 225مل,حليب الفراوله 225مل,"""",منتج,6281007060370,الالبان والحليب,نعم,2.5,نعم,3.0,0,نعم,نعم";;;;;;;
"598866601082,فارمز سيلكت رمان 250مل,فارمز سيلكت رمان 250مل,"""",منتج,6281007050982,عصائر,نعم,5.2,نعم,6.0,0,نعم,نعم";;;;;;;
"547195835614,فارمز سيلكت رمان 1لتر,فارمز سيلكت رمان 1لتر,"""",منتج,6281007049825,عصائر,نعم,15.5,نعم,18.0,0,نعم,نعم";;;;;;;
"344837144122,حليب فراوله 360مل,حليب فراوله 360مل,"""",منتج,6281007032544,الالبان والحليب,نعم,3.4,نعم,4.0,0,نعم,نعم";;;;;;;
"948879994659,قشطه طازجه 100غم المراعي,قشطه طازجه 100غم المراعي,"""",منتج,62810487,الالبان والحليب,نعم,3.48,نعم,4.0,0,نعم,نعم";;;;;;;
"106328397582,جبن موزاريلا 180غم كامل الدسم,جبن موزاريلا 180غم كامل الدسم,"""",منتج,6281007063050,الالبان والحليب,نعم,12.1,نعم,14.5,0,نعم,نعم";;;;;;;
"572177408261,قشطه طازجه 100ج لايت المراعي,قشطه طازجه 100ج لايت المراعي,"""",منتج,6281007666527,الالبان والحليب,نعم,3.4,نعم,4.0,0,نعم,نعم";;;;;;;
"786065625054,لبن فراوله 180مل المراعي,لبن فراوله 180مل المراعي,"""",منتج,6281007023221,الالبان والحليب,نعم,1.6,نعم,2.0,0,نعم,نعم";;;;;;;
"571559256214,جبن شرائح المراعي200ج 10 شرائح,جبن شرائح المراعي200ج 10 شرائح,"""",منتج,6281007066792,الالبان والحليب,نعم,7.0,نعم,7.5,0,نعم,نعم";;;;;;;
"619785509764,جبن شرائح 10 المراعي 200جم,جبن شرائح 10 المراعي 200جم,"""",منتج,6281007066808,الالبان والحليب,نعم,7.0,نعم,7.5,0,نعم,نعم";;;;;;;
"227097257324,برنجلز اورجناللا 40جم,برنجلز اورجناللا 40جم,"""",منتج,5053990107339,شبس,نعم,3.0,نعم,3.5,0,نعم,نعم";;;;;;;
"336758964727,برينجلز سبايسي40جم,برينجلز سبايسي40جم,"""",منتج,5053990107292,شبس,نعم,3.0,نعم,3.5,0,نعم,نعم";;;;;;;
"783539058301,بطاطس عمان 37جم علبه,بطاطس عمان 37جم علبه,"""",منتج,9501100018144,شبس,نعم,3.5,نعم,4.0,0,نعم,نعم";;;;;;;
"849303334273,برينجلز 40ج علبه ازرق,برينجلز 40ج علبه ازرق,"""",منتج,5053990107353,شبس,نعم,3.0,نعم,3.5,0,نعم,نعم";;;;;;;
"878111991111,برينجلز بربيكا 40جم علبه,برينجلز بربيكا 40جم علبه,"""",منتج,5053990161607,شبس,نعم,3.48,نعم,4.0,0,نعم,نعم";;;;;;;
"332490411574,برينجلز بربيكا 165جم,برينجلز بربيكا 165جم,"""",منتج,5053990161669,شبس,نعم,7.0,نعم,8.0,0,نعم,نعم";;;;;;;
"466495162240, بطاطس فيركو 45جم عيدان, بطاطس فيركو 45جم عيدان,"""",منتج,6287014280015,شبس,نعم,3.0,نعم,3.5,0,نعم,نعم";;;;;;;
"244497807814,برينجلز سبايسي 165جم,برينجلز سبايسي 165جم,"""",منتج,5053990101542,شبس,نعم,6.9,نعم,8.0,0,نعم,نعم";;;;;;;
"650863066907,برينجلز بربيكيو 165جم,برينجلز بربيكيو 165جم,"""",منتج,5053990161966,شبس,نعم,6.9,نعم,8.0,0,نعم,نعم";;;;;;;
"189045674698,برينجلز كاتشب 165جم,برينجلز كاتشب 165جم,"""",منتج,5053990101566,شبس,نعم,6.9,نعم,8.0,0,نعم,نعم";;;;;;;
"152714473044,برينجلز ملح وخل 165جم,برينجلز ملح وخل 165جم,"""",منتج,5053990101580,شبس,نعم,6.9,نعم,8.0,0,نعم,نعم";;;;;;;
"318469112025,برينجلز اورجنال165جم,برينجلز اورجنال165جم,"""",منتج,5053990101573,شبس,نعم,6.9,نعم,8.0,0,نعم,نعم";;;;;;;
"332704434994,حلاوه نخله  طحينيه ساده 250جم,حلاوه نخله  طحينيه ساده 250جم,"""",منتج,"""",اغذيه,نعم,9.0,نعم,11.5,0,نعم,نعم";;;;;;;
"307708138305,تسالي 155جم  كبير متنوع,تسالي 155جم  كبير متنوع,"""",منتج,"""",شبس,نعم,4.35,نعم,6.0,0,نعم,نعم";;;;;;;
"129102402197,كلوركس .95.ليتر,كلوركس .95.ليتر,"""",منتج,"""",منظفات ومطهرات,نعم,5.49,نعم,10.5,0,نعم,نعم";;;;;;;
"301887364362,فلاش منظف 946مل,فلاش منظف 946مل,"""",منتج,"""",منظفات ومطهرات,نعم,5.0,نعم,7.0,0,نعم,نعم";;;;;;;
"432268567335,كلوركس صغير 47..لتر,كلوركس صغير 47..لتر,"""",منتج,"""",منظفات ومطهرات,نعم,2.16,نعم,3.0,0,نعم,نعم";;;;;;;
"435130213764,صلبون اليد نيلوفر 500مل,صلبون اليد نيلوفر 500مل,"""",منتج,"""",منظفات ومطهرات,نعم,2.5,نعم,3.0,0,نعم,نعم";;;;;;;
"274571773022,رقائق المنيوم بريستيج 37.5قدم,رقائق المنيوم بريستيج 37.5قدم,"""",منتج,"""",اكواب ورق وبلاستيك,نعم,4.0,نعم,5.5,0,نعم,نعم";;;;;;;
"410765546829,بخاخ فليت شوت300مل,بخاخ فليت شوت300مل,"""",منتج,"""",منظفات ومطهرات,نعم,3.0,نعم,4.0,0,نعم,نعم";;;;;;;
"504394676801,شريط لاصق شفاف 40 يارده,شريط لاصق شفاف 40 يارده,"""",منتج,"""",اكواب ورق وبلاستيك,نعم,2.5,نعم,4.0,0,نعم,نعم";;;;;;;
"261549741306,منظف تواليت هاربك ازرق495مل,منظف تواليت هاربك ازرق495مل,"""",منتج,"""",منظفات ومطهرات,نعم,5.0,نعم,7.0,0,نعم,نعم";;;;;;;
"142749009124,ديمه بسكويت حنيني,ديمه بسكويت حنيني,"""",منتج,6285602011911,بسكويتات,نعم,0.43,نعم,1.0,0,نعم,نعم";;;;;;;
"548938112733,ويفر محشو بكريمه البندق,ويفر محشو بكريمه البندق,"""",منتج,6281016901213,بسكويتات,نعم,0.9,نعم,1.5,0,نعم,نعم";;;;;;;
"772599693085,اولكر ويفر بالبدق,اولكر ويفر بالبدق,"""",منتج,6281100358466,بسكويتات,نعم,1.0,نعم,1.5,0,نعم,نعم";;;;;;;
"535016676939,اولكر ويفر بالفانيليا,اولكر ويفر بالفانيليا,"""",منتج,6281100358756,بسكويتات,نعم,1.0,نعم,1.5,0,نعم,نعم";;;;;;;
"247591205253,كركيزظ برونتو,كركيزظ برونتو,"""",منتج,6281102740351,بسكويتات,نعم,1.5,نعم,2.5,0,نعم,نعم";;;;;;;
"943726475437,بسكويتز,بسكويتز,"""",منتج,6224008017462,بسكويتات,نعم,0.9,نعم,1.5,0,نعم,نعم";;;;;;;
"928215642363,فيريرو,فيريرو,"""",منتج,6291003081965,بسكويتات,نعم,1.0,نعم,1.5,0,نعم,نعم";;;;;;;
"110830851892,اولكر ويفر بالفانيليا,اولكر ويفر بالفانيليا,"""",منتج,6281105470750,بسكويتات,نعم,1.0,نعم,1.5,0,نعم,نعم";;;;;;;
"495077472838,اولكر ويفر بالشكولاته,اولكر ويفر بالشكولاته,"""",منتج,6281105470118,بسكويتات,نعم,1.0,نعم,1.5,0,نعم,نعم";;;;;;;
"653980960889,ريكو ويفر شوكولا ,ريكو ويفر شوكولا ,"""",منتج,6281100357322,بسكويتات,نعم,0.2,نعم,1.0,0,نعم,نعم";;;;;;;
"656606128520,لواكرر  بالشكولاته,لواكرر  بالشكولاته,"""",منتج,80001782,بسكويتات,نعم,1.0,نعم,1.5,0,نعم,نعم";;;;;;;
"551646181179,ويفر بالبدق,ويفر بالبدق,"""",منتج,6281100354215,بسكويتات,نعم,1.0,نعم,1.5,0,نعم,نعم";;;;;;;
"389104658375,لواكر فانيليا,لواكر فانيليا,"""",منتج,80001362,بسكويتات,نعم,1.0,نعم,1.5,0,نعم,نعم";;;;;;;
"457005094758,لواكر مقرمشه,لواكر مقرمشه,"""",منتج,80001447,بسكويتات,نعم,1.0,نعم,1.5,0,نعم,نعم";;;;;;;
"812743333310,اولكر كريمه بندق,اولكر كريمه بندق,"""",منتج,6281100356158,بسكويتات,نعم,1.0,نعم,1.0,0,نعم,نعم";;;;;;;
"915012905857,اولكر كريمه غنيه,اولكر كريمه غنيه,"""",منتج,6281100350149,بسكويتات,نعم,0.9,نعم,1.0,0,نعم,نعم";;;;;;;
"803687354271,هايدي ويفر بالبندق,هايدي ويفر بالبندق,"""",منتج,6281100720959,بسكويتات,نعم,0.9,نعم,1.0,0,نعم,نعم";;;;;;;
"854855551331,اولكر شكولاته,اولكر شكولاته,"""",منتج,6281100350026,بسكويتات,نعم,2.0,نعم,4.0,0,نعم,نعم";;;;;;;
"735904906000,سن كولا صغيير,سن كولا صغيير,"""",منتج,6281012033314,مشروبات غازيه,نعم,1.0,نعم,1.5,0,نعم,نعم";;;;;;;
"672817606583,لاواكر كبير,لاواكر كبير,"""",منتج,8000380005963,بسكويتات,نعم,10.0,نعم,13.0,0,نعم,نعم";;;;;;;
"426339745320,لواكر شكولاته,لواكر شكولاته,"""",منتج,80001355,بسكويتات,نعم,1.0,نعم,1.5,0,نعم,نعم";;;;;;;
"342929529022,ليون ,ليون ,"""",منتج,7613287757418,بسكويتات,نعم,1.0,نعم,2.5,0,نعم,نعم";;;;;;;
"896427076874,ديمه تمر سكري,ديمه تمر سكري,"""",منتج,6285602011843,بسكويتات,نعم,0.9,نعم,1.0,0,نعم,نعم";;;;;;;
"153286070934,جوديفا شكولاته,جوديفا شكولاته,"""",منتج,6281100356769,بسكويتات,نعم,2.0,نعم,4.0,0,نعم,نعم";;;;;;;
"928227377926,دايجستيف,دايجستيف,"""",منتج,5000396015898,بسكويتات,نعم,10.0,نعم,17.0,0,نعم,نعم";;;;;;;
"156354427953,جوديفا,جوديفا,"""",منتج,8690504033448,بسكويتات,نعم,2.0,نعم,4.0,0,نعم,نعم";;;;;;;
"764136368589,فريرو,فريرو,"""",منتج,80050278,بسكويتات,نعم,5.0,نعم,6.0,0,نعم,نعم";;;;;;;
"601990279433,كيندر ميني,كيندر ميني,"""",منتج,8000500253687,بسكويتات,نعم,10.0,نعم,13.0,0,نعم,نعم";;;;;;;
"132669798428,بيبسشي 250زجاج,بيبسشي 250زجاج,"""",منتج,012000800443,مشروبات غازيه,نعم,1.0,نعم,2.5,0,نعم,نعم";;;;;;;
"916355677065,باونتي,باونتي,"""",منتج,5000159559034,بسكويتات,نعم,1.0,نعم,3.0,0,نعم,نعم";;;;;;;
"696608039357,لاواكر كطبير,لاواكر كطبير,"""",منتج,8000380005918,بسكويتات,نعم,10.0,نعم,13.0,0,نعم,نعم";;;;;;;
"834749520933,minis ,minis ,"""",منتج,405180,بسكويتات,نعم,3.0,نعم,5.0,0,نعم,نعم";;;;;;;
"629215349361,RICO,RICO,"""",منتج,6281100721079,بسكويتات,نعم,1.0,نعم,1.5,0,نعم,نعم";;;;;;;
"140698466553,WAFER ,WAFER ,"""",منتج,6281100720133,بسكويتات,نعم,0.9,نعم,1.5,0,نعم,نعم";;;;;;;
"564347935595,KHADEER TEA,KHADEER TEA,"""",منتج,4796015726764,اغذيه,نعم,16.0,نعم,28.0,0,نعم,نعم";;;;;;;
"885776419499,شاي الوزه,شاي الوزه,"""",منتج,4791002010178,اغذيه,نعم,40.0,نعم,60.0,0,نعم,نعم";;;;;;;
"478646159292,ليبتون 25 ضرف,ليبتون 25 ضرف,"""",منتج,8720608632718,اغذيه,نعم,5.0,نعم,7.0,0,نعم,نعم";;;;;;;
"261211029084,شاي الكبوس 100جم,شاي الكبوس 100جم,"""",منتج,6253505460341,اغذيه,نعم,6.0,نعم,8.0,0,نعم,نعم";;;;;;;
"519342032234,شاي الكبوس 227جم,شاي الكبوس 227جم,"""",منتج,5000311241227,اغذيه,نعم,8.0,نعم,10.5,0,نعم,نعم";;;;;;;
"197408242355,شاي ليبتون 100جم,شاي ليبتون 100جم,"""",منتج,5063305003393,اغذيه,نعم,6.0,نعم,7.0,0,نعم,نعم";;;;;;;
"120284422792,شاي كبوس 454جم,شاي كبوس 454جم,"""",منتج,5000311241456,اغذيه,نعم,15.0,نعم,17.0,0,نعم,نعم";;;;;;;
"664680622307,شاي اركان 100,شاي اركان 100,"""",منتج,4796023923148,اغذيه,نعم,10.0,نعم,15.0,0,نعم,نعم";;;;;;;
"924537675058,قهوه الشيوخ,قهوه الشيوخ,"""",منتج,594185041,اغذيه,نعم,10.0,نعم,14.0,0,نعم,نعم";;;;;;;
"864731787848,قهوه الشيوخ كبير ,قهوه الشيوخ كبير ,"""",منتج,6287010010029,اغذيه,نعم,23.0,نعم,27.0,0,نعم,نعم";;;;;;;
"994055759700,مبيض قهوه170جم,مبيض قهوه170جم,"""",منتج,8850124019967,اغذيه,نعم,6.0,نعم,10.0,0,نعم,نعم";;;;;;;
"991384290413,خلطه القصيم  صغير,خلطه القصيم  صغير,"""",منتج,6281103300011,اغذيه,نعم,6.0,نعم,8.0,0,نعم,نعم";;;;;;;
"707999132163,خلطه القصيم  وسط,خلطه القصيم  وسط,"""",منتج,6281103300028,اغذيه,نعم,10.0,نعم,15.0,0,نعم,نعم";;;;;;;
"294988064074,خلطه القصيم كبير,خلطه القصيم كبير,"""",منتج,6281103300080,اغذيه,نعم,20.0,نعم,25.0,0,نعم,نعم";;;;;;;
"454485259341,شاي ليبتون 200جم,شاي ليبتون 200جم,"""",منتج,5063305003379,اغذيه,نعم,5.0,نعم,10.0,0,نعم,نعم";;;;;;;
"303146922337,ليبتون شاي 200جم خيوط,ليبتون شاي 200جم خيوط,"""",منتج,8720608614011,اغذيه,نعم,12.0,نعم,15.5,0,نعم,نعم";;;;;;;
"969572400160,ربيع  خيوط اكسبريس,ربيع  خيوط اكسبريس,"""",منتج,6281013231009,اغذيه,نعم,16.0,نعم,18.0,0,نعم,نعم";;;;;;;
"672536502182,مبيض قهوه400جم,مبيض قهوه400جم,"""",منتج,8850124011053,اغذيه,نعم,20.0,نعم,22.0,0,نعم,نعم";;;;;;;
"461996602779,مبيض القهوه 400جم,مبيض القهوه 400جم,"""",منتج,8850124020000,اغذيه,نعم,20.0,نعم,22.0,0,نعم,نعم";;;;;;;
"794410946655,الربيع شاي اسود,الربيع شاي اسود,"""",منتج,6281013221000,اغذيه,نعم,10.0,نعم,18.0,0,نعم,نعم";;;;;;;
"666985032013,شاي الوزه,شاي الوزه,"""",منتج,4791002002685,اغذيه,نعم,15.0,نعم,17.0,0,نعم,نعم";;;;;;;
"919461532869,شاي احمد خيوط,شاي احمد خيوط,"""",منتج,054881014182,اغذيه,نعم,14.0,نعم,16.0,0,نعم,نعم";;;;;;;
"275161478419,شاي ابو جبل خيوط,شاي ابو جبل خيوط,"""",منتج,6281013131200,اغذيه,نعم,16.0,نعم,30.0,0,نعم,نعم";;;;;;;
"454569775069,كابتشينو وبال,كابتشينو وبال,"""",منتج,8682655019600,اغذيه,نعم,2.0,نعم,3.0,0,نعم,نعم";;;;;;;
"848470493204,قهوه النخبه,قهوه النخبه,"""",منتج,6287021301062,اغذيه,نعم,8.0,نعم,10.0,0,نعم,نعم";;;;;;;
"644712274770,قهوه الشيوخ كبير,قهوه الشيوخ كبير,"""",منتج,5555566666630,اغذيه,نعم,20.0,نعم,22.0,0,نعم,نعم";;;;;;;
"903344052922,شاي الربيع اسود ناعم,شاي الربيع اسود ناعم,"""",منتج,6281013222069,اغذيه,نعم,20.0,نعم,22.0,0,نعم,نعم";;;;;;;
"884199387836,شاي ربيع اخضر خيوط,شاي ربيع اخضر خيوط,"""",منتج,6281013243002,اغذيه,نعم,20.0,نعم,22.0,0,نعم,نعم";;;;;;;
"679395841641,نسكافيه 95جم,نسكافيه 95جم,"""",منتج,7891000361290,اغذيه,نعم,14.0,نعم,17.0,0,نعم,نعم";;;;;;;
"759903268722,كابتشينو ظرف,كابتشينو ظرف,"""",منتج,6294017130773,اغذيه,نعم,1.0,نعم,2.0,0,نعم,نعم";;;;;;;
"202759834487,بن نجار,بن نجار,"""",منتج,022644002639,اغذيه,نعم,18.0,نعم,20.0,0,نعم,نعم";;;;;;;
"447608621266,نسكافيه 95جح جولد,نسكافيه 95جح جولد,"""",منتج,8445290145093,اغذيه,نعم,20.0,نعم,24.0,0,نعم,نعم";;;;;;;
"432691225429,ذوق قهوه عربيه,ذوق قهوه عربيه,"""",منتج,6287000750171,اغذيه,نعم,19.0,نعم,21.0,0,نعم,نعم";;;;;;;
"612654664231,كركديه,كركديه,"""",منتج,6281104520171,اغذيه,نعم,7.0,نعم,9.0,0,نعم,نعم";;;;;;;
"668695031137,جرين قهوه نركي,جرين قهوه نركي,"""",منتج,6287035901708,اغذيه,نعم,8.0,نعم,10.0,0,نعم,نعم";;;;;;;
"331156369747,جرين قهوه عربي,جرين قهوه عربي,"""",منتج,6287035901616,اغذيه,نعم,8.0,نعم,10.0,0,نعم,نعم";;;;;;;
"798182551823,لوز محمص,لوز محمص,"""",منتج,6281011709180,اغذيه,نعم,7.0,نعم,9.0,0,نعم,نعم";;;;;;;
"222874775726,لوز مملح,لوز مملح,"""",منتج,6287000750522,اغذيه,نعم,10.0,نعم,13.0,0,نعم,نعم";;;;;;;
"225600602287,بيبسي  زيرو,بيبسي  زيرو,"""",منتج,012000060342,مشروبات غازيه,نعم,1.0,نعم,2.5,0,نعم,نعم";;;;;;;
"760235484020,مشروب السنامكي,مشروب السنامكي,"""",منتج,6281104601575,اغذيه,نعم,8.0,نعم,10.0,0,نعم,نعم";;;;;;;
"694003272326,كركديه,كركديه,"""",منتج,800100300051,اغذيه,نعم,9.0,نعم,11.0,0,نعم,نعم";;;;;;;
"935861086574,الشاي الاخضر مشروب,الشاي الاخضر مشروب,"""",منتج,6281104601742,اغذيه,نعم,9.0,نعم,11.0,0,نعم,نعم";;;;;;;
"230354007100,قهوه تركي باجه,قهوه تركي باجه,"""",منتج,6281105793880,اغذيه,نعم,13.0,نعم,15.0,0,نعم,نعم";;;;;;;
"884428007921,الميراميه,الميراميه,"""",منتج,6281104601438,اغذيه,نعم,9.0,نعم,11.0,0,نعم,نعم";;;;;;;
"317090322132,نسكافيه فانيليا,نسكافيه فانيليا,"""",منتج,7891000085349,اغذيه,نعم,13.0,نعم,15.0,0,نعم,نعم";;;;;;;
"409539476767,قهوه تركي ابوعوف,قهوه تركي ابوعوف,"""",منتج,6223004765384,اغذيه,نعم,18.0,نعم,20.0,0,نعم,نعم";;;;;;;
"689103826883,نسكافيه 47جم,نسكافيه 47جم,"""",منتج,8445290249302,اغذيه,نعم,7.0,نعم,9.0,0,نعم,نعم";;;;;;;
"192591931998,نسكافيه كرتون موكا,نسكافيه كرتون موكا,"""",منتج,6294017132067,اغذيه,نعم,17.0,نعم,20.0,0,نعم,نعم";;;;;;;
"980527683127,نسكافيه فانيليا,نسكافيه فانيليا,"""",منتج,6294017132098,اغذيه,نعم,17.0,نعم,20.0,0,نعم,نعم";;;;;;;
"501358514252,نوتيلا جو,نوتيلا جو,"""",منتج,009800800056,اغذيه,نعم,4.0,نعم,6.0,0,نعم,نعم";;;;;;;
"128001100389,نوتيلا كبيره,نوتيلا كبيره,"""",منتج,80176800,اغذيه,نعم,26.0,نعم,32.0,0,نعم,نعم";;;;;;;
"483681473359,نوتيلا وسط,نوتيلا وسط,"""",منتج,80177173,اغذيه,نعم,15.0,نعم,19.0,0,نعم,نعم";;;;;;;
"375810910501,نوتيلا صغير,نوتيلا صغير,"""",منتج,80809180,اغذيه,نعم,3.0,نعم,5.0,0,نعم,نعم";;;;;;;
"595318684119,حليب ابوقوس ,حليب ابوقوس ,"""",منتج,8716200672542,اغذيه,نعم,4.0,نعم,6.0,0,نعم,نعم";;;;;;;
"663953373049,حليب  لونا,حليب  لونا,"""",منتج,6281020171732,اغذيه,نعم,4.0,نعم,6.0,0,نعم,نعم";;;;;;;
"398962908782,حليب ابوقوس,حليب ابوقوس,"""",منتج,8716200674942,اغذيه,نعم,1.5,نعم,3.0,0,نعم,نعم";;;;;;;
"347486272186,حليب داري,6281051007468,"""",منتج,6281051007468,اغذيه,نعم,1.5,نعم,3.0,0,نعم,نعم";;;;;;;
"780965987481,حليب المراعي لايت,حليب المراعي مكبخر,"""",منتج,6281007142366,اغذيه,نعم,2.0,نعم,4.0,0,نعم,نعم";;;;;;;
"218020151712,حليب الممتاز,حليب الممتاز,"""",منتج,9501100046314,اغذيه,نعم,1.5,نعم,3.0,0,نعم,نعم";;;;;;;
"369474591728,حليب مراعي,حليب مراعي,"""",منتج,281007035187,اغذيه,نعم,2.0,نعم,4.0,0,نعم,نعم";;;;;;;
"189179566669,حليب بوني موز 250 مل,حليب بوني موز 250 مل,"""",منتج,7616100108213,اغذيه,نعم,2.51,نعم,3.5,0,نعم,نعم";;;;;;;
"237888902252,حليب مبخر,حليب مبخر,"""",منتج,6291105412490,اغذيه,نعم,1.5,نعم,3.0,0,نعم,نعم";;;;;;;
"902591087291,حليب مكثف,حليب مكثف,"""",منتج,9555878801699,اغذيه,نعم,4.0,نعم,6.0,0,نعم,نعم";;;;;;;
"166349454848,حليب لونا كبير 410 جم,حليب لونا كبير 410 جم,"""",منتج,6281020050211,اغذيه,نعم,2.67,نعم,3.5,0,نعم,نعم";;;;;;;
"733508621555,حليب اورلاند,حليب اورلاند,"""",منتج,6281091003185,اغذيه,نعم,1.5,نعم,3.0,0,نعم,نعم";;;;;;;
"593867477276,حليب ابوقوس عدني,حليب ابوقوس عدني,"""",منتج,8716200675499,اغذيه,نعم,2.0,نعم,3.5,0,نعم,نعم";;;;;;;
"538828863644,نستله مكثف,نستله مكثف,"""",منتج,7616100111817,اغذيه,نعم,3.0,نعم,4.5,0,نعم,نعم";;;;;;;
"837890209002,نستله مكثف,نستله مكثف,"""",منتج,7613038323701,اغذيه,نعم,8.0,نعم,10.0,0,نعم,نعم";;;;;;;
"378873297254,حليب المراعي,حليب المراعي,"""",منتج,6281007035187,اغذيه,نعم,2.0,نعم,3.5,0,نعم,نعم";;;;;;;
"326179557360,ماريتا تونه,ماريتا تونه,"""",منتج,8859142001152,اغذيه,نعم,5.0,نعم,6.5,0,نعم,نعم";;;;;;;
"135960401090,تونه قودي ,تونه قودي ,"""",منتج,6281014800426,اغذيه,نعم,6.0,نعم,8.0,0,نعم,نعم";;;;;;;
"484857979891,تونه قودي بالماء والملح,تونه قودي بالماء والملح,"""",منتج,6281014800440,اغذيه,نعم,6.0,نعم,8.0,0,نعم,نعم";;;;;;;
"616064423119,تونه قودي بالفلفل,تونه قودي بالفلفل,"""",منتج,6281014303378,اغذيه,نعم,6.0,نعم,8.0,0,نعم,نعم";;;;;;;
"184481080344,تونه قودي تندرينا ,تونه قودي تندرينا ,"""",منتج,6281014800471,اغذيه,نعم,6.0,نعم,8.0,0,نعم,نعم";;;;;;;
"438276784465,تونه جيشا صغير,تونه جيشا صغير,"""",منتج,8852707110719,اغذيه,نعم,3.5,نعم,5.0,0,نعم,نعم";;;;;;;
"267897991662,تونه قودي صغير,تونه قودي صغير,"""",منتج,6281014800433,اغذيه,نعم,3.5,نعم,5.0,0,نعم,نعم";;;;;;;
"466206487240,تونه الوها,تونه الوها,"""",منتج,5285001150502,اغذيه,نعم,5.0,نعم,6.5,0,نعم,نعم";;;;;;;
"416061708792,رز ابوكاس5 كيلو,رز ابوكاس5 كيلو,"""",منتج,6281100410072,اغذيه,نعم,35.0,نعم,40.0,0,نعم,نعم";;;;;;;
"144329305064,رز الوليمه 5 كيلو,رز الوليمه 5 كيلو,"""",منتج,6281100200413,اغذيه,نعم,35.0,نعم,40.0,0,نعم,نعم";;;;;;;
"783953557360,رز ابو سيوف,رز ابو سيوف,"""",منتج,6294001832485,اغذيه,نعم,20.0,نعم,25.0,0,نعم,نعم";;;;;;;
"588399174878,تونه قودي صغير,تونه قودي صغير,"""",منتج,6281014800419,اغذيه,نعم,3.0,نعم,5.0,0,نعم,نعم";;;;;;;
"204433591910,تونه جيشا,تونه جيشا,"""",منتج,8852707102042,اغذيه,نعم,5.0,نعم,7.5,0,نعم,نعم";;;;;;;
"726473065029,تونه ماريتا,تونه ماريتا,"""",منتج,8859142001183,اغذيه,نعم,3.0,نعم,5.0,0,نعم,نعم";;;;;;;
"484399203964,نستله ,نستله ,"""",منتج,7613039093610,اغذيه,نعم,17.0,نعم,19.0,0,نعم,نعم";;;;;;;
"108707004130,كرافت ضغاط,كرافت ضغاط,"""",منتج,6084012090284,اغذيه,نعم,16.48,نعم,22.0,0,نعم,نعم";;;;;;;
"527361497803,بوك ضغاط,بوك ضغاط,"""",منتج,6281048106495,اغذيه,نعم,17.25,نعم,20.0,0,نعم,نعم";;;;;;;
"657521714556,مربي فواكه,مربي فواكه,"""",منتج,6297000082585,اغذيه,نعم,8.0,نعم,10.0,0,نعم,نعم";;;;;;;
"814850428834,سردين,سردين,"""",منتج,6281801255033,اغذيه,نعم,4.0,نعم,6.0,0,نعم,نعم";;;;;;;
"541545227019,جبن مثلثات ابوولد,جبن مثلثات ابوولد,"""",منتج,3073781179040,اغذيه,نعم,2.0,نعم,3.5,0,نعم,نعم";;;;;;;
"813558742174,جبن سالم مثلثات,جبن سالم مثلثات,"""",منتج,6281102101176,اغذيه,نعم,2.0,نعم,3.5,0,نعم,نعم";;;;;;;
"299481460005,صوص كراميل,صوص كراميل,"""",منتج,6287005012267,اغذيه,نعم,8.0,نعم,10.0,0,نعم,نعم";;;;;;;
"404519569905,حمص شتوره,حمص شتوره,"""",منتج,5281003810499,اغذيه,نعم,4.0,نعم,6.0,0,نعم,نعم";;;;;;;
"560362895973,لانشون دجاج,لانشون دجاج,"""",منتج,5283000517333,اغذيه,نعم,8.0,نعم,11.0,0,نعم,نعم";;;;;;;
"236758179854,تونه خفيف ,تونه خفيف ,"""",منتج,6281020040601,اغذيه,نعم,4.0,نعم,5.0,0,نعم,نعم";;;;;;;
"275257279315,زيت الخروع,زيت الخروع,"""",منتج,680288434691,كريمات شعر وللجسم,نعم,3.0,نعم,7.0,0,نعم,نعم";;;;;;;
"778779238661,زيت خردل,زيت خردل,"""",منتج,841165106820,اغذيه,نعم,10.0,نعم,12.0,0,نعم,نعم";;;;;;;
"105474470291,زيت زيتون الوزير,زيت زيتون الوزير,"""",منتج,8428483100017,اغذيه,نعم,20.0,نعم,25.0,0,نعم,نعم";;;;;;;
"975215154579,زيت زيتون البيت,زيت زيتون البيت,"""",منتج,6287039870208,اغذيه,نعم,20.0,نعم,24.0,0,نعم,نعم";;;;;;;
"482263765870,زيت زيتون ممتاز,زيت زيتون ممتاز,"""",منتج,8428483100123,اغذيه,نعم,16.0,نعم,20.0,0,نعم,نعم";;;;;;;
"894361294098,زيت زيتون الباشا,زيت زيتون الباشا,"""",منتج,6194058904121,اغذيه,نعم,10.0,نعم,14.0,0,نعم,نعم";;;;;;;
"144802590982,زيت زيتون المراعي,زيت زيتون المراعي,"""",منتج,6281007033114,اغذيه,نعم,30.0,نعم,33.0,0,نعم,نعم";;;;;;;
"676965132934,كاكا مسحوق,كاكا مسحوق,"""",منتج,6285046000663,اغذيه,نعم,6.0,نعم,8.0,0,نعم,نعم";;;;;;;
"450449343133,خل التفاح,خل التفاح,"""",منتج,6281100032052,اغذيه,نعم,4.0,نعم,5.0,0,نعم,نعم";;;;;;;
"639121757646,خل صناعي,خل صناعي,"""",منتج,6281100032014,اغذيه,نعم,2.0,نعم,3.5,0,نعم,نعم";;;;;;;
"816637621609,جلي فراوله,جلي فراوله,"""",منتج,6281102101008,اغذيه,نعم,2.0,نعم,2.5,0,نعم,نعم";;;;;;;
"506131137955,زيت زيتون نادك,زيت زيتون نادك,"""",منتج,6281057100477,اغذيه,نعم,30.0,نعم,33.0,0,نعم,نعم";;;;;;;
"457020690455,شطه رنا,شطه رنا,"""",منتج,6281100031017,اغذيه,نعم,1.0,نعم,1.5,0,نعم,نعم";;;;;;;
"101096452281,كاتشب طماطم السعوديه,كاتشب طماطم السعوديه,"""",منتج,6281039704402,اغذيه,نعم,6.0,نعم,8.0,0,نعم,نعم";;;;;;;
"103283903281,شطه رنا ,شطه رنا ,"""",منتج,6281100031031,اغذيه,نعم,2.0,نعم,4.0,0,نعم,نعم";;;;;;;
"362461135783,شطه رنا,شطه رنا,"""",منتج,6281100031024,اغذيه,نعم,1.5,نعم,2.5,0,نعم,نعم";;;;;;;
"616508297476,كاتشب الطماطم,كاتشب الطماطم,"""",منتج,6281039704617,اغذيه,نعم,10.0,نعم,13.0,0,نعم,نعم";;;;;;;
"657603538683,كاتشب هاينز,كاتشب هاينز,"""",منتج,6290090011039,اغذيه,نعم,10.0,نعم,12.0,0,نعم,نعم";;;;;;;
"303147352169,صلصة البيتزا بيدر,صلصة البيتزا بيدر,"""",منتج,6281100029298,اغذيه,نعم,4.0,نعم,6.0,0,نعم,نعم";;;;;;;
"761667855091,صلصه العلالي ,صلصه العلالي ,"""",منتج,617950600701,اغذيه,نعم,4.0,نعم,5.0,0,نعم,نعم";;;;;;;
"825392778005,صلصه حاره سومطرا ,صلصه حاره سومطرا ,"""",منتج,089686400229,اغذيه,نعم,2.0,نعم,3.5,0,نعم,نعم";;;;;;;
"888454011160,شطه لويزيانا كريستال ,شطه لويزيانا كريستال ,"""",منتج,6298044167573,اغذيه,نعم,1.5,نعم,3.0,0,نعم,نعم";;;;;;;
"131680701304,شطه قودي صغير 88مل,شطه قودي صغير 88مل,"""",منتج,6281014177009,اغذيه,نعم,1.75,نعم,2.36,0,نعم,نعم";;;;;;;
"694348232467,صلصة صويا معتدله,صلصة صويا معتدله,"""",منتج,089686420135,اغذيه,نعم,4.0,نعم,6.0,0,نعم,نعم";;;;;;;
"286575814701,طماطم كاتشب هاينز,طماطم كاتشب هاينز,"""",منتج,013000006057,اغذيه,نعم,15.0,نعم,17.0,0,نعم,نعم";;;;;;;
"521617542948,معجون طماطم ندى ,معجون طماطم ندى ,"""",منتج,62810951,اغذيه,نعم,1.0,نعم,2.0,0,نعم,نعم";;;;;;;
"683444229679,معجون طماطم السعوديه,معجون طماطم السعوديه,"""",منتج,6281039701012,اغذيه,نعم,1.0,نعم,2.0,0,نعم,نعم";;;;;;;
"223569901716,معجون طماطم حلوه,معجون طماطم حلوه,"""",منتج,6290050513948,اغذيه,نعم,1.0,نعم,1.3,0,نعم,نعم";;;;;;;
"896835276194,جرينز كارميل,جرينز كارميل,"""",منتج,5000115292005,اغذيه,نعم,1.5,نعم,3.0,0,نعم,نعم";;;;;;;
"477790173512,كريم كراميل فوستر ,كريم كراميل فوستر ,"""",منتج,5352101422614,اغذيه,نعم,1.5,نعم,3.0,0,نعم,نعم";;;;;;;
"646092078764,جلي ريحان ,جلي ريحان ,"""",منتج,6281102100995,اغذيه,نعم,2.0,نعم,4.0,0,نعم,نعم";;;;;;;
"693622659326,قشطه عسل التاج,قشطه عسل التاج,"""",منتج,6281009003696,اغذيه,نعم,5.0,نعم,7.0,0,نعم,نعم";;;;;;;
"738833227893,قشطه لونا فراوله ,قشطه لونا فراوله ,"""",منتج,6281020290532,اغذيه,نعم,3.5,نعم,4.5,0,نعم,نعم";;;;;;;
"588349845129,قشطه لونا ساده,قشطه لونا ساده,"""",منتج,6281020172906,اغذيه,نعم,2.0,نعم,3.0,0,نعم,نعم";;;;;;;
"896494076513,قشطه التاج فراوله ,قشطه التاج فراوله ,"""",منتج,6281009010021,اغذيه,نعم,4.0,نعم,6.5,0,نعم,نعم";;;;;;;
"116151185798,قشطه التاج ,قشطه التاج ,"""",منتج,6281009001111,اغذيه,نعم,4.5,نعم,5.5,0,نعم,نعم";;;;;;;
"767899457987,قشطه لينا ,قشطه لينا ,"""",منتج,6281100112952,اغذيه,نعم,2.0,نعم,4.0,0,نعم,نعم";;;;;;;
"963250566536,قشطه نادك,قشطه نادك,"""",منتج,6281057008582,اغذيه,نعم,2.0,نعم,4.0,0,نعم,نعم";;;;;;;
"863960986369,قشطه المراعي,قشطه المراعي,"""",منتج,6281007042802,اغذيه,نعم,3.0,نعم,5.0,0,نعم,نعم";;;;;;;
"252358860717,جبنه كرافت,جبنه كرافت,"""",منتج,6084012090192,اغذيه,نعم,10.0,نعم,12.5,0,نعم,نعم";;;;;;;
"736357994664,جبن كرافت870,جبن كرافت870,"""",منتج,6084012090253,اغذيه,نعم,30.0,نعم,34.0,0,نعم,نعم";;;;;;;
"783298669469,جبن بوك 500 غ,جبن بوك 500 غ,"""",منتج,5711953164088,اغذيه,نعم,12.08,نعم,16.3,0,نعم,نعم";;;;;;;
"792012357680,جبن بوك وسط,جبن بوك وسط,"""",منتج,5760466738040,اغذيه,نعم,15.0,نعم,17.0,0,نعم,نعم";;;;;;;
"294547074656,جبن كيري,جبن كيري,"""",منتج,3073781190960,اغذيه,نعم,10.0,نعم,12.0,0,نعم,نعم";;;;;;;
"247535341300,جبن كيري 100جم,جبن كيري 100جم,"""",منتج,3073781190946,اغذيه,نعم,5.0,نعم,7.0,0,نعم,نعم";;;;;;;
"205137222679,حلاوه طحينيه 250جم,حلاوه طحينيه 250جم,"""",منتج,6281041005511,اغذيه,نعم,9.0,نعم,11.0,0,نعم,نعم";;;;;;;
"212931588743,حلاوه طحينه النخله500جم,حلاوه طحينه النخله500جم,"""",منتج,6281041004712,اغذيه,نعم,16.0,نعم,20.0,0,نعم,نعم";;;;;;;
"536884935173,بيتزا المروج ,بيتزا المروج ,"""",منتج,6287014260000,اغذيه,نعم,2.0,نعم,3.0,0,نعم,نعم";;;;;;;
"863913984148,جبنه المراعي سايل,جبنه المراعي سايل,"""",منتج,6281007067829,اغذيه,نعم,6.0,نعم,8.0,0,نعم,نعم";;;;;;;
"372333292682,جبن شيدر سالم,جبن شيدر سالم,"""",منتج,6281102100896,اغذيه,نعم,2.0,نعم,4.0,0,نعم,نعم";;;;;;;
"687431870817,شيدر المراعي,شيدر المراعي,"""",منتج,6281007067645,اغذيه,نعم,4.0,نعم,5.5,0,نعم,نعم";;;;;;;
"545505317363,عسل المراعي,عسل المراعي,"""",منتج,6281007056106,اغذيه,نعم,27.0,نعم,30.0,0,نعم,نعم";;;;;;;
"854410250825,مايونيز,مايونيز,"""",منتج,757449234557,اغذيه,نعم,8.0,نعم,10.0,0,نعم,نعم";;;;;;;
"966772408853,صلصه فرنسيه فرشلي,صلصه فرنسيه فرشلي,"""",منتج,6281063881414,اغذيه,نعم,15.0,نعم,18.0,0,نعم,نعم";;;;;;;
"533868045600,فيليه صدور اليوم,فيليه صدور اليوم,"""",منتج,6281007045544,اغذيه,نعم,20.0,نعم,22.0,0,نعم,نعم";;;;;;;
"318727721792,صلصه فرشلي,صلصه فرشلي,"""",منتج,6281063881360,اغذيه,نعم,9.0,نعم,11.0,0,نعم,نعم";;;;;;;
"926737223217,صلصه رانش فرشلي,صلصه رانش فرشلي,"""",منتج,6281063881377,اغذيه,نعم,9.0,نعم,11.0,0,نعم,نعم";;;;;;;
"251796976351,هاينز فلفل,هاينز فلفل,"""",منتج,6290090013583,اغذيه,نعم,10.0,نعم,12.0,0,نعم,نعم";;;;;;;
"726292712138,صلصه رانش قودي,صلصه رانش قودي,"""",منتج,6281014306621,اغذيه,نعم,9.0,نعم,11.0,0,نعم,نعم";;;;;;;
"996627560491,مايونيز تكا,مايونيز تكا,"""",منتج,8715700224602,اغذيه,نعم,8.0,نعم,10.0,0,نعم,نعم";;;;;;;
"642092524038,دبس التمر ,دبس التمر ,"""",منتج,6287016884778,اغذيه,نعم,5.0,نعم,7.0,0,نعم,نعم";;;;;;;
"811887364185,قطرات الرحيق,قطرات الرحيق,"""",منتج,6287015440005,اغذيه,نعم,1.5,نعم,2.5,0,نعم,نعم";;;;;;;
"438071635713,كرافت وسط,كرافت وسط,"""",منتج,6084012090475,اغذيه,نعم,9.0,نعم,11.0,0,نعم,نعم";;;;;;;
"198260725486,عسل ازهار,عسل ازهار,"""",منتج,6281073210181,اغذيه,نعم,40.0,نعم,42.0,0,نعم,نعم";;;;;;;
"268283749475,عسل شفاء,عسل شفاء,"""",منتج,6281073210143,اغذيه,نعم,20.0,نعم,24.0,0,نعم,نعم";;;;;;;
"604766235633,شيره عسل,شيره عسل,"""",منتج,6287016884785,اغذيه,نعم,5.49,نعم,7.0,0,نعم,نعم";;;;;;;
"572574263405,بطاطس تسالي,بطاطس تسالي,"""",منتج,6281036177155,اغذيه,نعم,6.0,نعم,7.5,0,نعم,نعم";;;;;;;
"465922886105,عسل مراعي طبيعي,عسل مراعي طبيعي,"""",منتج,6281007056120,اغذيه,نعم,35.0,نعم,42.0,0,نعم,نعم";;;;;;;
"759764029883,قطرات رحيق,قطرات رحيق,"""",منتج,6287015440012,اغذيه,نعم,4.0,نعم,5.0,0,نعم,نعم";;;;;;;
"953311627326,دبس المر380مل,دبس المر380مل,"""",منتج,6287011010684,اغذيه,نعم,7.0,نعم,9.0,0,نعم,نعم";;;;;;;
"506935762275,عسل ازهار,عسل ازهار,"""",منتج,6281073210266,اغذيه,نعم,2.0,نعم,3.5,0,نعم,نعم";;;;;;;
"538479557262,قطرات الرحيق شيره,قطرات الرحيق شيره,"""",منتج,6287015440029,اغذيه,نعم,7.0,نعم,9.0,0,نعم,نعم";;;;;;;
"404682065398,بقره الضاحكه,بقره الضاحكه,"""",منتج,3073786155186,اغذيه,نعم,3.0,نعم,4.5,0,نعم,نعم";;;;;;;
"121500356243,طحينه سمسم,طحينه سمسم,"""",منتج,6287016884761,اغذيه,نعم,5.0,نعم,7.0,0,نعم,نعم";;;;;;;
"717708609547,زبده فول سوداني قودي,زبده فول سوداني قودي,"""",منتج,6281014110020,اغذيه,نعم,10.0,نعم,19.0,0,نعم,نعم";;;;;;;
"940961904438,قودي مايونيز,قودي مايونيز,"""",منتج,6281014111003,اغذيه,نعم,10.0,نعم,19.0,0,نعم,نعم";;;;;;;
"336089299332,بقسماط هرفي,بقسماط هرفي,"""",منتج,6281102680091,اغذيه,نعم,9.0,نعم,11.0,0,نعم,نعم";;;;;;;
"494155585417,فول سوداني بيب,فول سوداني بيب,"""",منتج,6281063633389,اغذيه,نعم,5.0,نعم,6.5,0,نعم,نعم";;;;;;;
"683644426427,مايونيز كريمي هانز,مايونيز كريمي هانز,"""",منتج,6290090033406,اغذيه,نعم,9.0,نعم,11.0,0,نعم,نعم";;;;;;;
"197699698048,طحينه,طحينه,"""",منتج,6287027310402,اغذيه,نعم,9.0,نعم,11.0,0,نعم,نعم";;;;;;;
"494417877504,مكرونه قودي خواتم,مكرونه قودي خواتم,"""",منتج,6281014306980,اغذيه,نعم,5.0,نعم,6.0,0,نعم,نعم";;;;;;;
"671316365080,قودي مكرونه اقلام,قودي مكرونه اقلام,"""",منتج,6281014307024,اغذيه,نعم,4.0,نعم,5.5,0,نعم,نعم";;;;;;;
"626659921786,مكرونه وفره,مكرونه وفره,"""",منتج,6281044313149,اغذيه,نعم,2.0,نعم,4.0,0,نعم,نعم";;;;;;;
"391244555023,مكرونه وفره خواتنم,مكرونه وفره خواتنم,"""",منتج,6281044313118,اغذيه,نعم,2.0,نعم,3.0,0,نعم,نعم";;;;;;;
"742833144944,مكرونه  وفره طويله,مكرونه  وفره طويله,"""",منتج,6281044323025,اغذيه,نعم,1.5,نعم,3.0,0,نعم,نعم";;;;;;;
"604909989578,طحينه حلواني صغير,طحينه حلواني صغير,"""",منتج,62810397010126281041029012,اغذيه,نعم,13.0,نعم,15.0,0,نعم,نعم";;;;;;;
"385108460492,طحينه حلواني كبير,طحينه حلواني كبير,"""",منتج,6281041028213,اغذيه,نعم,20.0,نعم,27.0,0,نعم,نعم";;;;;;;
"267023137504,شرابشكولاته,شرابشكولاته,"""",منتج,717273501607,اغذيه,نعم,10.0,نعم,15.0,0,نعم,نعم";;;;;;;
"420263351220,برتقال كي دي دي,برتقال كي دي دي,"""",منتج,6271002220916,اغذيه,نعم,1.0,نعم,1.5,0,نعم,نعم";;;;;;;
"933537688082,حليب موز السعوديه,حليب موز السعوديه,"""",منتج,6281039163018,اغذيه,نعم,1.0,نعم,2.0,0,نعم,نعم";;;;;;;
"865641736107,برتقال دلتا,برتقال دلتا,"""",منتج,6281107002522,اغذيه,نعم,1.0,نعم,1.5,0,نعم,نعم";;;;;;;
"488145925365,شراب الفراوله,شراب الفراوله,"""",منتج,717273501614,اغذيه,نعم,16.0,نعم,18.0,0,نعم,نعم";;;;;;;
"905531067937,فشار ذره,فشار ذره,"""",منتج,6281014150705,اغذيه,نعم,4.0,نعم,6.0,0,نعم,نعم";;;;;;;
"687981612887,خردل قودي,خردل قودي,"""",منتج,6281014301336,اغذيه,نعم,8.0,نعم,10.0,0,نعم,نعم";;;;;;;
"563373593606,بيكربونات صودا,بيكربونات صودا,"""",منتج,6281100610427,اغذيه,نعم,2.0,نعم,3.5,0,نعم,نعم";;;;;;;
"890360866389,نشاء,نشاء,"""",منتج,6281102100322,اغذيه,نعم,1.0,نعم,2.0,0,نعم,نعم";;;;;;;
"689822430952,ملح ناعم4 كج,ملح ناعم4 كج,"""",منتج,6281102100155,اغذيه,نعم,5.17,نعم,7.0,0,نعم,نعم";;;;;;;
"504926121363,ملح ساسا,ملح ساسا,"""",منتج,6281064110025,اغذيه,نعم,2.0,نعم,3.5,0,نعم,نعم";;;;;;;
"756889067105,كويكر شوربه,كويكر شوربه,"""",منتج,5000108478119,اغذيه,نعم,7.0,نعم,9.0,0,نعم,نعم";;;;;;;
"703814675445,كراميل ,كراميل ,"""",منتج,5000318004290,اغذيه,نعم,1.5,نعم,2.5,0,نعم,نعم";;;;;;;
"245399450180,شوربه هالي,شوربه هالي,"""",منتج,6281099001169,اغذيه,نعم,7.0,نعم,8.5,0,نعم,نعم";;;;;;;
"221605397357,ديمه بالتمر,ديمه بالتمر,"""",منتج,6285602011164,اغذيه,نعم,5.0,نعم,7.5,0,نعم,نعم";;;;;;;
"758365351785,كهبرس ,كهبرس ,"""",منتج,5201004023162,اغذيه,نعم,7.0,نعم,9.0,0,نعم,نعم";;;;;;;
"609210807724,كابرس,كابرس,"""",منتج,5201004023360,اغذيه,نعم,13.0,نعم,16.0,0,نعم,نعم";;;;;;;
"979393591575,كابرس,كابرس,"""",منتج,5201004020338,اغذيه,نعم,20.0,نعم,24.0,0,نعم,نعم";;;;;;;
"643141822149,معمول ميني,معمول ميني,"""",منتج,6287016883337,اغذيه,نعم,7.0,نعم,9.0,0,نعم,نعم";;;;;;;
"655311537982,معمول بتمر,معمول بتمر,"""",منتج,6287016880602,اغذيه,نعم,8.0,نعم,10.0,0,نعم,نعم";;;;;;;
"586540851651,معمول فوشيه,معمول فوشيه,"""",منتج,6281100173489,اغذيه,نعم,9.0,نعم,11.0,0,نعم,نعم";;;;;;;
"230068670838,سوبرمويست برتقال,سوبرمويست برتقال,"""",منتج,016000438002,اغذيه,نعم,10.0,نعم,14.0,0,نعم,نعم";;;;;;;
"841979608347,سوبر مويست الفانيلا,سوبر مويست الفانيلا,"""",منتج,5010084907862,اغذيه,نعم,10.0,نعم,14.0,0,نعم,نعم";;;;;;;
"852863911160,فونتي معمول بر,فونتي معمول بر,"""",منتج,6285009003038,اغذيه,نعم,6.0,نعم,8.0,0,نعم,نعم";;;;;;;
"355462243859,هرفي معمول بر,هرفي معمول بر,"""",منتج,6281102683092,اغذيه,نعم,8.0,نعم,9.5,0,نعم,نعم";;;;;;;
"721370646186,فونتي معمول بتمر,فونتي معمول بتمر,"""",منتج,6285009002864,اغذيه,نعم,7.0,نعم,8.5,0,نعم,نعم";;;;;;;
"893883913746,برونتو فاميلي كيك,برونتو فاميلي كيك,"""",منتج,6281102741839,اغذيه,نعم,7.0,نعم,9.0,0,نعم,نعم";;;;;;;
"188621419170,كليجا بزعتر,كليجا بزعتر,"""",منتج,6287016884044,اغذيه,نعم,10.0,نعم,12.0,0,نعم,نعم";;;;;;;
"713315092934,كليجا باالعسل,كليجا باالعسل,"""",منتج,6287016884013,اغذيه,نعم,10.0,نعم,12.0,0,نعم,نعم";;;;;;;
"291473264422,فوشيه معمول بالتمر,فوشيه معمول بالتمر,"""",منتج,6281100174677,اغذيه,نعم,7.0,نعم,8.5,0,نعم,نعم";;;;;;;
"385750448767,شوكلاته داكنه,شوكلاته داكنه,"""",منتج,5010084907831,اغذيه,نعم,10.0,نعم,14.0,0,نعم,نعم";;;;;;;
"136230792365,هرفي معمول,هرفي معمول,"""",منتج,6281102683047,اغذيه,نعم,6.0,نعم,8.5,0,نعم,نعم";;;;;;;
"395485284586,بانكيك زبده بالحليب,بانكيك زبده بالحليب,"""",منتج,016000721401,اغذيه,نعم,20.0,نعم,25.0,0,نعم,نعم";;;;;;;
"147535377194,شوكلاته داكنه خليط الكيك,شوكلاته داكنه خليط الكيك,"""",منتج,5352101003554,اغذيه,نعم,10.0,نعم,14.0,0,نعم,نعم";;;;;;;
"771895872966,فدج الشوكلاته,فدج الشوكلاته,"""",منتج,5203912391272,اغذيه,نعم,10.0,نعم,14.0,0,نعم,نعم";;;;;;;
"717425645903,معمول تمر,معمول تمر,"""",منتج,6287016880596,اغذيه,نعم,8.0,نعم,10.0,0,نعم,نعم";;;;;;;
"100003982178,كليجا بالتوفي ,كليجا بالتوفي ,"""",منتج,6287016884037,اغذيه,نعم,10.0,نعم,12.0,0,نعم,نعم";;;;;;;
"904774272020,برتقال,برتقال,"""",منتج,7622201700119,اغذيه,نعم,40.0,نعم,45.0,0,نعم,نعم";;;;;;;
"326789785816,تانج مانجو,تانج مانجو,"""",منتج,7622201700188,اغذيه,نعم,40.0,نعم,45.0,0,نعم,نعم";;;;;;;
"300514809636,معمول ام صالح,معمول ام صالح,"""",منتج,6281105680333,اغذيه,نعم,13.0,نعم,17.0,0,نعم,نعم";;;;;;;
"689676683932,زيتون اخضر,زيتون اخضر,"""",منتج,6224008564331,اغذيه,نعم,6.0,نعم,8.0,0,نعم,نعم";;;;;;;
"530131932527,شرايح زيتون اسود,شرايح زيتون اسود,"""",منتج,8410522001065,اغذيه,نعم,6.0,نعم,8.0,0,نعم,نعم";;;;;;;
"841720908610,مخلل مشكل ,مخلل مشكل ,"""",منتج,6281000108345,اغذيه,نعم,5.0,نعم,7.0,0,نعم,نعم";;;;;;;
"671912602781,زيتون اخضر اليسا,زيتون اخضر اليسا,"""",منتج,6281106000055,اغذيه,نعم,3.0,نعم,5.0,0,نعم,نعم";;;;;;;
"188683352659,اليسا زيتون اسود,اليسا زيتون اسود,"""",منتج,6281106000017,اغذيه,نعم,3.0,نعم,5.0,0,نعم,نعم";;;;;;;
"456171799344,ورق عنب,ورق عنب,"""",منتج,5285000720379,اغذيه,نعم,20.0,نعم,26.0,0,نعم,نعم";;;;;;;
"779923978242,ورق عنب جودي 295غ,ورق عنب جودي ,"""",منتج,6281014301862,اغذيه,نعم,8.38,نعم,11.31,0,نعم,نعم";;;;;;;
"719358813603,مخلل طرشي,مخلل طرشي,"""",منتج,6287040730102,اغذيه,نعم,4.0,نعم,6.0,0,نعم,نعم";;;;;;;
"272891008511,ورق عنب محشي,ورق عنب محشي,"""",منتج,6281014304306,اغذيه,نعم,9.0,نعم,11.0,0,نعم,نعم";;;;;;;
"352012704442,مخلل خيار,مخلل خيار,"""",منتج,6281100022237,اغذيه,نعم,6.0,نعم,8.5,0,نعم,نعم";;;;;;;
"965212321833,شرايح زيتون اخضر,شرايح زيتون اخضر,"""",منتج,6281106000314,اغذيه,نعم,6.0,نعم,8.5,0,نعم,نعم";;;;;;;
"297177869631,بريا طرشي خضروات,بريا طرشي خضروات,"""",منتج,785018012459,اغذيه,نعم,6.0,نعم,8.0,0,نعم,نعم";;;;;;;
"988178318367,شرايح زيتون ,شرايح زيتون ,"""",منتج,8410522001034,اغذيه,نعم,6.0,نعم,8.0,0,نعم,نعم";;;;;;;
"516656923604,اسباني بدون عجو ,اسباني بدون عجو ,"""",منتج,"""",اغذيه,نعم,6.0,نعم,8.0,0,نعم,نعم";;;;;;;
"534230443036,كوبليفيا بدون عجو,كوبليفيا بدون عجو,"""",منتج,8410522000914,اغذيه,نعم,6.0,نعم,8.0,0,نعم,نعم";;;;;;;
"179984840892,ورق عنب محشي,ورق عنب محشي,"""",منتج,6281014304290,اغذيه,نعم,9.0,نعم,11.0,0,نعم,نعم";;;;;;;
"250487159679,اندومي كوري مشكل,اندومي كوري مشكل,"""",منتج,8801073115514,اغذيه,نعم,4.73,نعم,6.4,0,نعم,نعم";;;;;;;
"696418944218,اندومي كوري بنكهه الدجاج الحار,اندومي كوري بنكهه الدجاج الحار,"""",منتج,8801073113312,اغذيه,نعم,5.0,نعم,7.0,0,نعم,نعم";;;;;;;
"187933604541,اناناس شرايح جودي,اناناس شرايح جودي,"""",منتج,6281014635028,اغذيه,نعم,10.0,نعم,14.0,0,نعم,نعم";;;;;;;
"199060802137,قطع اناناس منال,قطع اناناس منال,"""",منتج,8938504396430,اغذيه,نعم,6.0,نعم,8.0,0,نعم,نعم";;;;;;;
"958727675097,دريم ويب 72 غرام,دريم ويب 72 غرام,"""",منتج,7622300470340,اغذيه,نعم,4.8,نعم,5.5,0,نعم,نعم";;;;;;;
"740823177031,دره دهبيه,دره دهبيه,"""",منتج,6281014134019,اغذيه,نعم,4.0,نعم,6.0,0,نعم,نعم";;;;;;;
"385377416127,جلوريا خوخ,جلوريا خوخ,"""",منتج,6281100117452,اغذيه,نعم,3.0,نعم,5.0,0,نعم,نعم";;;;;;;
"560052162143,فيمتو احمر رضاعة,فيمتو احمر رضاعة,"""",منتج,6281034001063,اغذيه,نعم,1.48,نعم,2.0,0,نعم,نعم";;;;;;;
"309547846849,اندومي كاري كبير,اندومي كاري كبير,"""",منتج,5285000390596,اغذيه,نعم,6.39,نعم,9.0,0,نعم,نعم";;;;;;;
"762889943823,اندومي نكهه خاصه,اندومي نكهه خاصه,"""",منتج,5285000390602,اغذيه,نعم,5.0,نعم,7.5,0,نعم,نعم";;;;;;;
"367355521610,اندومي شعيريع مقليع ,اندومي شعيريع مقليع ,"""",منتج,5285000390589,اغذيه,نعم,6.0,نعم,7.5,0,نعم,نعم";;;;;;;
"466788800414,اندومي نكهه خاصه,اندومي نكهه خاصه,"""",منتج,089686120196,اغذيه,نعم,1.0,نعم,2.0,0,نعم,نعم";;;;;;;
"993397106410,اندومي شعيريه مقليه,اندومي شعيريه مقليه,"""",منتج,089686120714,اغذيه,نعم,1.0,نعم,2.0,0,نعم,نعم";;;;;;;
"769198865518,اندومي دجاج خاص كبير ,اندومي دجاج خاص كبير ,"""",منتج,089686120073,اغذيه,نعم,5.83,نعم,9.0,0,نعم,نعم";;;;;;;
"247386988362,كوب اندومي,كوب اندومي,"""",منتج,8801073211223,اغذيه,نعم,5.0,نعم,7.0,0,نعم,نعم";;;;;;;
"872478472410,اندومي مقليه,اندومي مقليه,"""",منتج,6223006711525,اغذيه,نعم,6.72,نعم,9.0,0,نعم,نعم";;;;;;;
"840002075333,اندومي كاري,اندومي كاري,"""",منتج,6223006711358,اغذيه,نعم,1.0,نعم,2.0,0,نعم,نعم";;;;;;;
"803164414576,6223006711372,6223006711372,"""",منتج,6223006711372,اغذيه,نعم,1.0,نعم,2.0,0,نعم,نعم";;;;;;;
"709222057545,اندومي خاصه,اندومي خاصه,"""",منتج,6223006711365,اغذيه,نعم,1.0,نعم,2.0,0,نعم,نعم";;;;;;;
"999970642319,كوب اندومي دجاج,كوب اندومي دجاج,"""",منتج,089686122015,اغذيه,نعم,2.0,نعم,3.0,0,نعم,نعم";;;;;;;
"146854140419,كوب اندومي كاري,كوب اندومي كاري,"""",منتج,089686122138,اغذيه,نعم,1.83,نعم,3.66,0,نعم,نعم";;;;;;;
"399546393380,كوب اندومي لحم بقري,كوب اندومي لحم بقري,"""",منتج,089686122046,اغذيه,نعم,3.67,نعم,4.0,0,نعم,نعم";;;;;;;
"466368712272,فاصوليا مطبوخه,فاصوليا مطبوخه,"""",منتج,684500704356,اغذيه,نعم,2.0,نعم,3.0,0,نعم,نعم";;;;;;;
"221970280196,فاصوليا حمراء ,فاصوليا حمراء ,"""",منتج,6281020010819,اغذيه,نعم,4.0,نعم,5.0,0,نعم,نعم";;;;;;;
"472978886008,فاصوليا حمراء,فاصوليا حمراء,"""",منتج,8961005222359,اغذيه,نعم,2.0,نعم,3.0,0,نعم,نعم";;;;;;;
"747893532058,فاصوليا مطبوخه ,فاصوليا مطبوخه ,"""",منتج,6281018169772,اغذيه,نعم,3.0,نعم,5.0,0,نعم,نعم";;;;;;;
"602770102667,فاصوليا بيضاء,فاصوليا بيضاء,"""",منتج,6281102640071,اغذيه,نعم,2.0,نعم,3.0,0,نعم,نعم";;;;;;;
"795634595339,فول مدمس,فول مدمس,"""",منتج,6287023040600,اغذيه,نعم,2.0,نعم,2.5,0,نعم,نعم";;;;;;;
"296696129955,فول مدمس خلطه مصريه,فول مدمس خلطه مصريه,"""",منتج,032894010919,اغذيه,نعم,4.0,نعم,5.5,0,نعم,نعم";;;;;;;
"227475466810,فاصوليا بالطماطم,فاصوليا بالطماطم,"""",منتج,6281020010710,اغذيه,نعم,3.0,نعم,4.0,0,نعم,نعم";;;;;;;
"551744224536,فاصوليا حمراء,فاصوليا حمراء,"""",منتج,6281018361978,اغذيه,نعم,4.0,نعم,5.0,0,نعم,نعم";;;;;;;
"719871166083,فول مدمس ب الفلفل الحار,فول مدمس ب الفلفل الحار,"""",منتج,032894010896,اغذيه,نعم,3.0,نعم,4.5,0,نعم,نعم";;;;;;;
"830449140530,فول مدمس ب الكشنه السعوديه,فول مدمس ب الكشنه السعوديه,"""",منتج,032894010940,اغذيه,نعم,3.0,نعم,4.5,0,نعم,نعم";;;;;;;
"704483743216,حمص مسلوق,حمص مسلوق,"""",منتج,6281018361770,اغذيه,نعم,2.0,نعم,3.0,0,نعم,نعم";;;;;;;
"513914999981,بازيلاء خضراء,بازيلاء خضراء,"""",منتج,6281018361879,اغذيه,نعم,2.0,نعم,4.0,0,نعم,نعم";;;;;;;
"217324636299,فول مدمس ساده,فول مدمس ساده,"""",منتج,6281018169673,اغذيه,نعم,2.0,نعم,4.0,0,نعم,نعم";;;;;;;
"345746957901,بازيلاء خضراء هايل,بازيلاء خضراء هايل,"""",منتج,6281102640040,اغذيه,نعم,2.0,نعم,3.0,0,نعم,نعم";;;;;;;
"954572018816,بازيلاء,بازيلاء,"""",منتج,6281020010314,اغذيه,نعم,2.0,نعم,3.0,0,نعم,نعم";;;;;;;
"162179189834,طماطم مقشره الطائي ,طماطم مقشره الطائي ,"""",منتج,6281100680055,اغذيه,نعم,2.0,نعم,4.0,0,نعم,نعم";;;;;;;
"793777601480,مقشور بالفلفل الحار,مقشور بالفلفل الحار,"""",منتج,6281018170679,اغذيه,نعم,3.0,نعم,5.0,0,نعم,نعم";;;;;;;
"620828003646,ذره حلوه,ذره حلوه,"""",منتج,6281018313076,اغذيه,نعم,2.0,نعم,4.0,0,نعم,نعم";;;;;;;
"511364422571,بازيلاء خضراء,بازيلاء خضراء,"""",منتج,6283154780651,اغذيه,نعم,2.0,نعم,3.0,0,نعم,نعم";;;;;;;
"432691745558,فول مدمس رياده,فول مدمس رياده,"""",منتج,6281102641726,اغذيه,نعم,2.0,نعم,3.0,0,نعم,نعم";;;;;;;
"986625590864,طماطم مقشره,طماطم مقشره,"""",منتج,6281804001262,اغذيه,نعم,2.0,نعم,4.0,0,نعم,نعم";;;;;;;
"249702785924,بيكنج باودر,بيكنج باودر,"""",منتج,6285046000144,اغذيه,نعم,2.0,نعم,2.5,0,نعم,نعم";;;;;;;
"500008440806,غذائي فانيلا,غذائي فانيلا,"""",منتج,6285046000557,اغذيه,نعم,0.9,نعم,1.0,0,نعم,نعم";;;;;;;
"740961412923,فانيلا,فانيلا,"""",منتج,6281100610359,اغذيه,نعم,0.9,نعم,1.0,0,نعم,نعم";;;;;;;
"314572877311,باكنج باودر,باكنج باودر,"""",منتج,6281100610014,اغذيه,نعم,2.0,نعم,4.0,0,نعم,نعم";;;;;;;
"936814058189,بيكربونات,بيكربونات,"""",منتج,6285046000748,اغذيه,نعم,2.0,نعم,3.0,0,نعم,نعم";;;;;;;
"348885696127,خميره فوريه,خميره فوريه,"""",منتج,30028203,اغذيه,نعم,5.0,نعم,7.0,0,نعم,نعم";;;;;;;
"696871479612,خميره فوريه,خميره فوريه,"""",منتج,3267793000007,اغذيه,نعم,15.0,نعم,18.0,0,نعم,نعم";;;;;;;
"814726847886,فشار,فشار,"""",منتج,6828044230297,اغذيه,نعم,10.0,نعم,12.0,0,نعم,نعم";;;;;;;
"546601150530,ذره ذهببيه,ذره ذهببيه,"""",منتج,6281014000994,اغذيه,نعم,3.0,نعم,4.5,0,نعم,نعم";;;;;;;
"192506165564,فام 40 فوط,فام 40 فوط,"""",منتج,6281017221815,اغذيه,نعم,19.0,نعم,22.0,0,نعم,نعم";;;;;;;
"125938396654,فوط صغير,فوط صغير,"""",منتج,6281017220030,الصنف الأساسي,نعم,5.0,نعم,7.5,0,نعم,نعم";;;;;;;
"804847015022,تسالي كاتشب,تسالي كاتشب,"""",منتج,6281036004758,اغذيه,نعم,2.0,نعم,2.5,0,نعم,نعم";;;;;;;
"919625242589,قشطه المراعي عرض خاص,قشطه المراعي عرض خاص,"""",منتج,6281007042642,اغذيه,نعم,23.0,نعم,28.0,0,نعم,نعم";;;;;;;
"576342349799,كورن فليكس,كورن فليكس,"""",منتج,5053827185806,اغذيه,نعم,19.0,نعم,22.0,0,نعم,نعم";;;;;;;
"940056803438,نسكويك,نسكويك,"""",منتج,7613287413048,اغذيه,نعم,35.0,نعم,42.0,0,نعم,نعم";;;;;;;
"470676597021,نسكويك,نسكويك,"""",منتج,8690632708591,اغذيه,نعم,25.0,نعم,29.0,0,نعم,نعم";;;;;;;
"822707058594,نسكويك ,نسكويك ,"""",منتج,3387390335859,اغذيه,نعم,19.0,نعم,21.0,0,نعم,نعم";;;;;;;
"762849887113,حليب نيدو,حليب نيدو,"""",منتج,6294017116296,اغذيه,نعم,20.0,نعم,25.0,0,نعم,نعم";;;;;;;
"215673301059,كي دي دي شوكولاته 180 مل,كي دي دي شوكولاته 180 مل,"""",منتج,5711953175978,اغذيه,نعم,1.3,نعم,2.0,0,نعم,نعم";;;;;;;
"290993252567,جالكسي مشروب,جالكسي مشروب,"""",منتج,5711953175954,اغذيه,نعم,6.0,نعم,8.0,0,نعم,نعم";;;;;;;
"205873282121,حليب الخير,حليب الخير,"""",منتج,6281101490950,اغذيه,نعم,20.0,نعم,22.0,0,نعم,نعم";;;;;;;
"201129092543,حليب المراعي مجفف,حليب المراعي مجفف,"""",منتج,6281007038614,اغذيه,نعم,40.0,نعم,45.0,0,نعم,نعم";;;;;;;
"763368025833,دقيق,دقيق,"""",منتج,6287017150810,اغذيه,نعم,3.0,نعم,5.0,0,نعم,نعم";;;;;;;
"301748914429,طحين,طحين,"""",منتج,6287019070154,اغذيه,نعم,2.0,نعم,3.0,0,نعم,نعم";;;;;;;
"313106417919,دقيق فوم,دقيق فوم,"""",منتج,6285021000237,اغذيه,نعم,2.0,نعم,3.0,0,نعم,نعم";;;;;;;
"363062995370,دقيق فوم,دقيق فوم,"""",منتج,6285021000251,اغذيه,نعم,2.0,نعم,3.0,0,نعم,نعم";;;;;;;
"866676912999,خليط البيتزا,خليط البيتزا,"""",منتج,6287017150797,اغذيه,نعم,3.0,نعم,5.0,0,نعم,نعم";;;;;;;
"948206138187,بريك,بريك,"""",منتج,6291003045790,اغذيه,نعم,1.0,نعم,1.5,0,نعم,نعم";;;;;;;
"603693577027,كندر,كندر,"""",منتج,40084077,اغذيه,نعم,1.0,نعم,2.0,0,نعم,نعم";;;;;;;
"997106005606,كندر,كندر,"""",منتج,80177609,اغذيه,نعم,3.0,نعم,3.5,0,نعم,نعم";;;;;;;
"379519964791,كندر,كندر,"""",منتج,80052760,اغذيه,نعم,2.0,نعم,3.5,0,نعم,نعم";;;;;;;
"471781127425,ريكو,ريكو,"""",منتج,6281100720157,اغذيه,نعم,1.0,نعم,1.5,0,نعم,نعم";;;;;;;
"524315818783,ميزو,ميزو,"""",منتج,6281100357513,اغذيه,نعم,1.0,نعم,1.5,0,نعم,نعم";;;;;;;
"880370009292,بريك,بريك,"""",منتج,6291003081903,اغذيه,نعم,1.0,نعم,1.5,0,نعم,نعم";;;;;;;
"669063453931,تريكسي,تريكسي,"""",منتج,6281100720195,اغذيه,نعم,1.0,نعم,1.5,0,نعم,نعم";;;;;;;
"529111342535,كيك ديمه,كيك ديمه,"""",منتج,6285602012550,اغذيه,نعم,1.0,نعم,1.5,0,نعم,نعم";;;;;;;
"319761555914,بسكوت امادا,بسكوت امادا,"""",منتج,8699141157005,اغذيه,نعم,2.0,نعم,3.0,0,نعم,نعم";;;;;;;
"623400802805,اولكر كات كات ,اولكر كات كات ,"""",منتج,6223003806408,اغذيه,نعم,1.0,نعم,1.5,0,نعم,نعم";;;;;;;
"603113940415,بسكوت ويفر بالشوكلاته والفستق,بسكوت ويفر بالشوكلاته والفستق,"""",منتج,6281100356684,اغذيه,نعم,2.0,نعم,2.5,0,نعم,نعم";;;;;;;
"828161391113,بريك ريزو,بريك ريزو,"""",منتج,6291003084034,اغذيه,نعم,1.0,نعم,1.5,0,نعم,نعم";;;;;;;
"677757551399,بسكوت غندور سفاري,بسكوت غندور سفاري,"""",منتج,6281004761034,اغذيه,نعم,1.0,نعم,1.5,0,نعم,نعم";;;;;;;
"356758610928,سكتلرز,سكتلرز,"""",منتج,4009900546089,اغذيه,نعم,7.0,نعم,9.0,0,نعم,نعم";;;;;;;
"562369119525,بيترو كويكز,بيترو كويكز,"""",منتج,6281033414116,اغذيه,نعم,1.0,نعم,1.5,0,نعم,نعم";;;;;;;
"176044457051,تشيز كيرز ,تشيز كيرز ,"""",منتج,5333876054446,اغذيه,نعم,1.0,نعم,1.15,0,نعم,نعم";;;;;;;
"360774109695,فلامنكو ذره,فلامنكو ذره,"""",منتج,6224000045685,اغذيه,نعم,2.0,نعم,2.5,0,نعم,نعم";;;;;;;
"133540754952,فلامنكو ذره طماط,فلامنكو ذره طماط,"""",منتج,6224000045630,اغذيه,نعم,2.0,نعم,2.5,0,نعم,نعم";;;;;;;
"868322086658,فلامنكو ذره بطعم الشطه والليمون,فلامنكو ذره بطعم الشطه والليمون,"""",منتج,6224000045661,شبس,نعم,1.5,نعم,2.5,0,نعم,نعم";;;;;;;
"930479951096,خليط القهوه,خليط القهوه,"""",منتج,6287006530012,اغذيه,نعم,5.0,نعم,7.1,0,نعم,نعم";;;;;;;
"478951381983,تمريه غندور,تمريه غندور,"""",منتج,6281004655036,بسكويتات,نعم,1.0,نعم,2.0,0,نعم,نعم";;;;;;;
"751611628484,بريك,بريك,"""",منتج,6291003074462,اغذيه,نعم,1.0,نعم,1.5,0,نعم,نعم";;;;;;;
"598818383594,كات كات,كات كات,"""",منتج,6222024100137,بسكويتات,نعم,1.0,نعم,1.5,0,نعم,نعم";;;;;;;
"418089512319,باونتي,باونتي,"""",منتج,"""",بسكويتات,نعم,2.0,نعم,3.5,0,نعم,نعم";;;;;;;
"658292756305,ولاعات ,ولاعات ,"""",منتج,6970212514173,ولاعات,نعم,1.0,نعم,3.0,0,نعم,نعم";;;;;;;
"292813323195,ولاعه انبوبه,ولاعه انبوبه,"""",منتج,6971542310046,ولاعات,نعم,1.0,نعم,3.5,0,نعم,نعم";;;;;;;
"420509060501,ولاعه,ولاعه,"""",منتج,96131670043,ولاعات,نعم,0.9,نعم,1.25,0,نعم,نعم";;;;;;;
"663143820783,فرشاه اسنان,فرشاه اسنان,"""",منتج,3014260275921,فرشاه اسنان,نعم,3.0,نعم,5.0,0,نعم,نعم";;;;;;;
"820825904013,فرشاه اسنان,فرشاه اسنان,"""",منتج,6280001070118,فرشاه اسنان,نعم,3.0,نعم,4.5,0,نعم,نعم";;;;;;;
"419215162800,فطبره هشه بالزبده,فطبره هشه بالزبده,"""",منتج,6281007066877,اغذيه,نعم,2.0,نعم,3.0,0,نعم,نعم";;;;;;;
"778494306216,فطيره الاجبان الثلاثه,فطيره الاجبان الثلاثه,"""",منتج,6281007046428,اغذيه,نعم,2.0,نعم,3.0,0,نعم,نعم";;;;;;;
"756164538622,كروسان الزبده,كروسان الزبده,"""",منتج,6281007041980,اغذيه,نعم,2.0,نعم,3.0,0,نعم,نعم";;;;;;;
"416651071493,فطيره البيتزا,فطيره البيتزا,"""",منتج,6281007034791,اغذيه,نعم,2.0,نعم,3.0,0,نعم,نعم";;;;;;;
"305607599123,بحشوة البندق والكاكاو,بحشوة البندق والكاكاو,"""",منتج,6281007041584,اغذيه,نعم,2.0,نعم,3.0,0,نعم,نعم";;;;;;;
"822544045139,توست لوزين بر,توست لوزين بر,"""",منتج,6281100081029,اغذيه,نعم,4.0,نعم,6.0,0,نعم,نعم";;;;;;;
"304499722445,توست ابيض فوشيه,توست ابيض فوشيه,"""",منتج,6281100171683,اغذيه,نعم,3.0,نعم,5.0,0,نعم,نعم";;;;;;;
"112607442619,توست المروج,توست المروج,"""",منتج,6287014260918,اغذيه,نعم,3.0,نعم,5.0,0,نعم,نعم";;;;;;;
"729398897316,توست لوزين بالحليب,توست لوزين بالحليب,"""",منتج,6281007036849,اغذيه,نعم,4.0,نعم,6.0,0,نعم,نعم";;;;;;;
"709219801480,توست لوزين ابيض,توست لوزين ابيض,"""",منتج,6281100081036,اغذيه,نعم,3.0,نعم,5.0,0,نعم,نعم";;;;;;;
"848128903465,هرفي النخاله,هرفي النخاله,"""",منتج,6281102683900,اغذيه,نعم,4.0,نعم,6.0,0,نعم,نعم";;;;;;;
"866410487664,توست هرفي بر,توست هرفي بر,"""",منتج,6281102680305,اغذيه,نعم,4.0,نعم,6.0,0,نعم,نعم";;;;;;;
"946712334735,توست هرفي ابييض,توست هرفي ابييض,"""",منتج,6281102680589,اغذيه,نعم,3.0,نعم,5.0,0,نعم,نعم";;;;;;;
"815879925852,خبز برجر لوزين بالسمسم,خبز برجر لوزين بالسمسم,"""",منتج,6281007042871,اغذيه,نعم,2.0,نعم,4.0,0,نعم,نعم";;;;;;;
"407893951933,برجر لوزين ساده,برجر لوزين ساده,"""",منتج,6281007042864,اغذيه,نعم,2.0,نعم,4.0,0,نعم,نعم";;;;;;;
"374461361406,خبز لوزين اتبيض,خبز لوزين اتبيض,"""",منتج,6281007042840,اغذيه,نعم,1.0,نعم,2.0,0,نعم,نعم";;;;;;;
"457898826340,صامولي لوزين بالحليب,صامولي لوزين بالحليب,"""",منتج,6281007039994,اغذيه,نعم,2.0,نعم,2.5,0,نعم,نعم";;;;;;;
"563699060409,ساندوتش لوزين بر,ساندوتش لوزين بر,"""",منتج,6281007042857,اغذيه,نعم,2.0,نعم,2.5,0,نعم,نعم";;;;;;;
"149066336039,ساندوتش هارفي,ساندوتش هارفي,"""",منتج,6281100174080,اغذيه,نعم,2.0,نعم,3.0,0,نعم,نعم";;;;;;;
"643843976152,برجر باسمسم هرفي,برجر باسمسم هرفي,"""",منتج,6281102680152,اغذيه,نعم,2.0,نعم,4.0,0,نعم,نعم";;;;;;;
"246883021169,برجر فوشيه باسمسم,برجر فوشيه باسمسم,"""",منتج,6281100171447,اغذيه,نعم,2.0,نعم,4.0,0,نعم,نعم";;;;;;;
"317664400168,شابوره هرفي,شابوره هرفي,"""",منتج,6281102683245,اغذيه,نعم,6.0,نعم,8.0,0,نعم,نعم";;;;;;;
"765732722867,امريكان فروله,امريكان فروله,"""",منتج,6281033302024,اغذيه,نعم,4.0,نعم,6.0,0,نعم,نعم";;;;;;;
"269984680607,امريكانا فانيليا,امريكانا فانيليا,"""",منتج,6281033302017,اغذيه,نعم,4.0,نعم,6.0,0,نعم,نعم";;;;;;;
"204205920018,قراميش شابوره الحليب,قراميش شابوره الحليب,"""",منتج,6281123052501,اغذيه,نعم,6.0,نعم,8.0,0,نعم,نعم";;;;;;;
"687377727696,قراميش شابوره القمح,قراميش شابوره القمح,"""",منتج,6281123052327,اغذيه,نعم,6.0,نعم,8.0,0,نعم,نعم";;;;;;;
"639620811744,امريكانا فروله ,امريكانا فروله ,"""",منتج,6281033325023,اغذيه,نعم,2.0,نعم,3.0,0,نعم,نعم";;;;;;;
"383578838348,قراميش الشابوره الاصليه,قراميش الشابوره الاصليه,"""",منتج,6281123052310,اغذيه,نعم,6.0,نعم,8.0,0,نعم,نعم";;;;;;;
"359883337599,فطاير جبن بالزعتر,فطاير جبن بالزعتر,"""",منتج,6287014260123,اغذيه,نعم,2.0,نعم,2.5,0,نعم,نعم";;;;;;;
"514709259430,كروسان مروج شوكلاته,كروسان مروج شوكلاته,"""",منتج,6287014260055,اغذيه,نعم,2.0,نعم,2.5,0,نعم,نعم";;;;;;;
"441009691821,كروسان سفن دايز شوكلاته,كروسان سفن دايز شوكلاته,"""",منتج,6281183000023,اغذيه,نعم,1.0,نعم,2.0,0,نعم,نعم";;;;;;;
"855900681844,تصبيره لوزين جبن وزعتر,تصبيره لوزين جبن وزعتر,"""",منتج,6281007032254,اغذيه,نعم,1.0,نعم,2.0,0,نعم,نعم";;;;;;;
"102530485074,مروج جبن بازعتر والزبده,مروج جبن بازعتر والزبده,"""",منتج,6287014262509,اغذيه,نعم,1.0,نعم,2.0,0,نعم,نعم";;;;;;;
"525058463392,مروج باتيه جبن بالزبده,مروج باتيه جبن بالزبده,"""",منتج,6287014262493,اغذيه,نعم,1.0,نعم,2.0,0,نعم,نعم";;;;;;;
"307102982771,تصبيره تفاح,تصبيره تفاح,"""",منتج,6281100084051,اغذيه,نعم,1.0,نعم,2.0,0,نعم,نعم";;;;;;;
"779473969486,تصبيره لوزين جبنه وزعتر,تصبيره لوزين جبنه وزعتر,"""",منتج,6281100086123,اغذيه,نعم,1.0,نعم,2.0,0,نعم,نعم";;;;;;;
"831949033349,مروج فطايبر زعتر,مروج فطايبر زعتر,"""",منتج,6287014260116,اغذيه,نعم,2.0,نعم,2.5,0,نعم,نعم";;;;;;;
"189354579624,مروج فطيره جبن,مروج فطيره جبن,"""",منتج,6287014260109,اغذيه,نعم,2.0,نعم,2.5,0,نعم,نعم";;;;;;;
"332009074849,فوشيه دبل شوكلاته,فوشيه دبل شوكلاته,"""",منتج,6281100177494,اغذيه,نعم,1.0,نعم,1.5,0,نعم,نعم";;;;;;;
"247386224200,فوشيه فروله,فوشيه فروله,"""",منتج,6281100174752,اغذيه,نعم,1.0,نعم,1.5,0,نعم,نعم";;;;;;;
"210990893872,فوشيه شوكلاته ,فوشيه شوكلاته ,"""",منتج,6281100177487,اغذيه,نعم,1.0,نعم,1.5,0,نعم,نعم";;;;;;;
"394764686438,فوشيه سويت رول,فوشيه سويت رول,"""",منتج,6281100173007,اغذيه,نعم,1.0,نعم,2.0,0,نعم,نعم";;;;;;;
"902278365927,كب كيك فانيلا,كب كيك فانيلا,"""",منتج,6281100174066,اغذيه,نعم,1.0,نعم,1.5,0,نعم,نعم";;;;;;;
"471751036059,فوشيه برتقال,فوشيه برتقال,"""",منتج,6281100176909,اغذيه,نعم,1.0,نعم,1.5,0,نعم,نعم";;;;;;;
"312798716400,فوشيه كيك داىري ,فوشيه كيك داىري ,"""",منتج,6281100174141,اغذيه,نعم,1.0,نعم,2.0,0,نعم,نعم";;;;;;;
"384129685964,فوشيه ,فوشيه ,"""",منتج,6281100174844,اغذيه,نعم,1.0,نعم,1.5,0,نعم,نعم";;;;;;;
"600433533034,فوشيه كب كيك التمر,فوشيه كب كيك التمر,"""",منتج,6281100174134,اغذيه,نعم,1.0,نعم,1.5,0,نعم,نعم";;;;;;;
"891088716496,فوشيه دونات ساده ,فوشيه دونات ساده ,"""",منتج,6281100173571,اغذيه,نعم,1.0,نعم,2.0,0,نعم,نعم";;;;;;;
"577447251619,كب كيك هرفي,كب كيك هرفي,"""",منتج,6281102689087,اغذيه,نعم,1.0,نعم,1.5,0,نعم,نعم";;;;;;;
"905694594567,كب كيك هرفي,كب كيك هرفي,"""",منتج,6281102689100,اغذيه,نعم,1.0,نعم,1.0,0,نعم,نعم";;;;;;;
"809838356893,هرفي كب كيك فروله,هرفي كب كيك فروله,"""",منتج,6281102689285,اغذيه,نعم,0.9,نعم,1.0,0,نعم,نعم";;;;;;;
"120821489969,لوزين كب كيك شوكلاته,لوزين كب كيك شوكلاته,"""",منتج,6281007045841,اغذيه,نعم,0.9,نعم,1.0,0,نعم,نعم";;;;;;;
"765284953033,كيك بار سفن دايز,كيك بار سفن دايز,"""",منتج,6281183000238,اغذيه,نعم,0.9,نعم,1.0,0,نعم,نعم";;;;;;;
"558833971173,كيك بار فروله,كيك بار فروله,"""",منتج,6281183000214,اغذيه,نعم,0.9,نعم,1.0,0,نعم,نعم";;;;;;;
"380343795276,كيك بار كاكاو,كيك بار كاكاو,"""",منتج,6281183001211,اغذيه,نعم,0.9,نعم,1.0,0,نعم,نعم";;;;;;;
"256399294993,لوزين جبن سائل,لوزين جبن سائل,"""",منتج,6281007036023,اغذيه,نعم,0.9,نعم,3.0,0,نعم,نعم";;;;;;;
"123321139551,لوزين شيكولاته,لوزين شيكولاته,"""",منتج,6281007063494,اغذيه,نعم,0.9,نعم,3.0,0,نعم,نعم";;;;;;;
"652234312444,المراعي تفاح ,المراعي تفاح ,"""",منتج,6281007070720,الالبان والحليب,نعم,0.9,نعم,12.0,0,نعم,نعم";;;;;;;
"984483122455,مروج كرواسان ساده,مروج كرواسان ساده,"""",منتج,6287014260024,اغذيه,نعم,0.9,نعم,2.5,0,نعم,نعم";;;;;;;
"630804971173,مروج جين الفيتا,مروج جين الفيتا,"""",منتج,6287014260031,اغذيه,نعم,0.9,نعم,2.5,0,نعم,نعم";;;;;;;
"565239054327,كرواسان  الزعتر,كرواسان  الزعتر,"""",منتج,6281100086116,اغذيه,نعم,0.9,نعم,2.0,0,نعم,نعم";;;;;;;
"749335458601,مروج بيتزا حاره,مروج بيتزا حاره,"""",منتج,6287014260017,اغذيه,نعم,0.9,نعم,3.0,0,نعم,نعم";;;;;;;
"346361493491,جبن  لوزين,جبن  لوزين,"""",منتج,6281100084044,اغذيه,نعم,0.9,نعم,2.0,0,نعم,نعم";;;;;;;
"697303960331,لوزين كاكاو,لوزين كاكاو,"""",منتج,6281100089056,اغذيه,نعم,0.9,نعم,2.0,0,نعم,نعم";;;;;;;
"635166184702,لوزين كواسان ساده,لوزين كواسان ساده,"""",منتج,6281100084037,اغذيه,نعم,0.9,نعم,2.0,0,نعم,نعم";;;;;;;
"490105285724,كب كيك هرفي ,كب كيك هرفي ,"""",منتج,6281102689124,اغذيه,نعم,0.9,نعم,1.1,0,نعم,نعم";;;;;;;
"407555412506,توست نخاله,توست نخاله,"""",منتج,6281007047654,اغذيه,نعم,0.9,نعم,6.0,0,نعم,نعم";;;;;;;
"452874812855,صامولي هرفي,صامولي هرفي,"""",منتج,6281102680220,اغذيه,نعم,0.9,نعم,4.0,0,نعم,نعم";;;;;;;
"848402067324,هرفي خبز بتيت,هرفي خبز بتيت,"""",منتج,6281102680510,اغذيه,نعم,0.9,نعم,6.0,0,نعم,نعم";;;;;;;
"717624972471,توست بالحلييب,توست بالحلييب,"""",منتج,6281100177609,اغذيه,نعم,0.9,نعم,6.0,0,نعم,نعم";;;;;;;
"844909732416,توست بر,توست بر,"""",منتج,6281100171690,اغذيه,نعم,0.9,نعم,6.0,0,نعم,نعم";;;;;;;
"837108469642,توت المراعي,توت المراعي,"""",منتج,6281007070768,الالبان والحليب,نعم,0.9,نعم,13.0,0,نعم,نعم";;;;;;;
"389707038303,موسي فراوله,موسي فراوله,"""",منتج,76162961,اغذيه,نعم,0.9,نعم,5.6,0,نعم,نعم";;;;;;;
"965748045753,لبن نادك,لبن نادك,"""",منتج,6281057002580,الالبان والحليب,نعم,0.9,نعم,9.5,0,نعم,نعم";;;;;;;
"269321789394,زبادي الصافي,زبادي الصافي,"""",منتج,6281022130393,الالبان والحليب,نعم,0.9,نعم,2.0,0,نعم,نعم";;;;;;;
"769719158821,بف باف,بف باف,"""",منتج,6001106106416,منظفات ومطهرات,نعم,0.9,نعم,10.5,0,نعم,نعم";;;;;;;
"821648079565,ريد فليت,ريد فليت,"""",منتج,6281100870012,منظفات ومطهرات,نعم,0.9,نعم,12.0,0,نعم,نعم";;;;;;;
"504922860671,شوت فليت,شوت فليت,"""",منتج,6281142004529,منظفات ومطهرات,نعم,6.5,نعم,7.0,0,نعم,نعم";;;;;;;
"988532765719,ريد ازرق,ريد ازرق,"""",منتج,6223001344810,اغذيه,نعم,0.9,نعم,13.0,0,نعم,نعم";;;;;;;
"780120798538,مراعي  2.85ليتر,مراعي  2.85ليتر,"""",منتج,6281007034043,الالبان والحليب,نعم,0.9,نعم,14.5,0,نعم,نعم";;;;;;;
"617217810385,لبن الصافي 2.85 ليتر,لبن الصافي 2.85 ليتر,"""",منتج,6281007034067,الالبان والحليب,نعم,0.9,نعم,14.5,0,نعم,نعم";;;;;;;
"868817363091,زبادي المراعي,زبادي المراعي,"""",منتج,6281007040655,الالبان والحليب,نعم,0.9,نعم,2.0,0,نعم,نعم";;;;;;;
"527174041418,زبتادي قليل زبادي,زبتادي قليل زبادي,"""",منتج,6281007040716,الالبان والحليب,نعم,1.5,نعم,2.0,0,نعم,نعم";;;;;;;
"181040851314,مراعي حليب كراميل,مراعي حليب كراميل,"""",منتج,6281007064729,الالبان والحليب,نعم,2.5,نعم,3.0,0,نعم,نعم";;;;;;;
"276117337776,لبن المانجو نادك,لبن المانجو نادك,"""",منتج,6281057013487,الالبان والحليب,نعم,3.5,نعم,4.0,0,نعم,نعم";;;;;;;
"285444539740,لبن,لبن,"""",منتج,6281007023122,الالبان والحليب,نعم,1.5,نعم,2.0,0,نعم,نعم";;;;;;;
298202864066,سبرايت 245 مل,سبرايت 240 مل,مشروب غازي,منتج,5449000258311,مشروبات غازيه,نعم,1.69,نعم,2.0,0,نعم,نعم;;;;;;;
"417559154387,جهاز قاتل الناموس,جهاز قاتل الناموس,"""",منتج,8808394310017,الصنف الأساسي,نعم,20.0,نعم,25.0,0,نعم,نعم";;;;;;;
"898410440929,شاي كرك,شاي كرك,"""",منتج,6223000274514,اغذيه,نعم,1.0,نعم,2.0,0,نعم,نعم";;;;;;;
"725922320054,يمامه,يمامه,"""",منتج,6281004292033,اغذيه,نعم,0.28,نعم,0.5,0,نعم,نعم";;;;;;;
"223384132185,يمامه فروله,يمامه فروله,"""",منتج,6281004704031,اغذيه,نعم,0.5,نعم,0.75,0,نعم,نعم";;;;;;;
"768212134544,يمامه شوكلاته,يمامه شوكلاته,"""",منتج,6281004717031,اغذيه,نعم,0.5,نعم,0.75,0,نعم,نعم";;;;;;;
"305397931856,ديمه برواني شوكلاته,ديمه برواني شوكلاته,"""",منتج,6285602012642,اغذيه,نعم,0.9,نعم,1.25,0,نعم,نعم";;;;;;;
"465165351808,ديمه كيك,ديمه كيك,"""",منتج,6285602012697,اغذيه,نعم,0.9,نعم,1.5,0,نعم,نعم";;;;;;;
"288621097883,كب كيك لوزين فروله,كب كيك لوزين فروله,"""",منتج,6281007045858,اغذيه,نعم,0.9,نعم,1.5,0,نعم,نعم";;;;;;;
"301607865158,سوبر رول,سوبر رول,"""",منتج,6281033409013,اغذيه,نعم,0.9,نعم,1.5,0,نعم,نعم";;;;;;;
"867730573489,سولر رول فروله,سولر رول فروله,"""",منتج,6281033409020,اغذيه,نعم,0.9,نعم,1.5,0,نعم,نعم";;;;;;;
"160171177992,ديمه مارمو كيك شوكلاته,ديمه مارمو كيك شوكلاته,"""",منتج,6285602012758,اغذيه,نعم,0.9,نعم,1.5,0,نعم,نعم";;;;;;;
"436951361336,ديمه كيرفي شوكلباته,ديمه كيرفي شوكلباته,"""",منتج,6285602012536,اغذيه,نعم,0.9,نعم,1.5,0,نعم,نعم";;;;;;;
"751682917973,ديمه مفن شوكلاته,ديمه مفن شوكلاته,"""",منتج,6285602014677,اغذيه,نعم,0.9,نعم,1.5,0,نعم,نعم";;;;;;;
"545858801423,خضار مشكل,خضار مشكل,"""",منتج,795697081035,مجمدات,نعم,0.9,نعم,1.5,0,نعم,نعم";;;;;;;
"135623099202,ملوخيه,ملوخيه,"""",منتج,6281051000360,مجمدات,نعم,0.9,نعم,5.5,0,نعم,نعم";;;;;;;
"993784231973,بزاليا ,بزاليا ,"""",منتج,6281051001367,مجمدات,نعم,0.9,نعم,1.5,0,نعم,نعم";;;;;;;
"441459852849,ستربس دجاج,ستربس دجاج,"""",منتج,6281050114891,مجمدات,نعم,0.9,نعم,1.5,0,نعم,نعم";;;;;;;
"486076861345,ستربس الدجاج حار ,ستربس الدجاج حار ,"""",منتج,6281050114938,مجمدات,نعم,0.9,نعم,1.5,0,نعم,نعم";;;;;;;
"569099971473,قطط,قطط,"""",منتج,8859710205210,غذاء الحيوان الاليف,نعم,0.9,نعم,1.5,0,نعم,نعم";;;;;;;
"190549814493,ولاعات,ولاعات,"""",منتج,6287044286698,ولاعات,نعم,0.9,نعم,1.25,0,نعم,نعم";;;;;;;
"582544147286,قشطه التاج فروله,قشطه التاج فروله,"""",منتج,6281009004969,اغذيه,نعم,1.0,نعم,4.0,0,نعم,نعم";;;;;;;
"536429058290,بايسن 180مل,بايسن 180مل,"""",منتج,"""",مشروبات غازيه,نعم,2.79,نعم,4.0,0,نعم,نعم";;;;;;;
"993388481429,رد,بيبسي 1 لتر,"""",منتج,012000002946,مشروبات غازيه,نعم,4.3,نعم,6.0,0,نعم,نعم";;;;;;;
"371928276877,بيبسي عائلي 2.20 لتر ,بيبسي عائلي 2.20 لتر ,"""",منتج,012000039812,مشروبات غازيه,نعم,7.33,نعم,10.0,0,نعم,نعم";;;;;;;
"979381636476,ماونتن ديو علبة 240 مل,ماونتن ديو علبة 240 مل,"""",منتج,"""",مشروبات غازيه,نعم,1.73,نعم,2.5,0,نعم,نعم";;;;;;;
"800086732702,ديو عائلي 2.20 لتر,ديو عائلي 2.20 لتر,"""",منتج,"""",مشروبات غازيه,نعم,7.33,نعم,10.0,0,نعم,نعم";;;;;;;
"673109333849,كينزا حمضيات 320 مل ,كينزا حمضيات 320 مل ,"""",منتج,"""",مشروبات غازيه,نعم,1.6,نعم,2.0,0,نعم,نعم";;;;;;;
"451713131754,ميرندا برتقال عائلي 2.20 لتر ,ميرندا برتقال عائلي 2.20 لتر ,"""",منتج,"""",مشروبات غازيه,نعم,7.33,نعم,10.0,0,نعم,نعم";;;;;;;
"531876628378,ميرندا برتقال 1 لتر,ميرندا برتقال 1 لتر,"""",منتج,"""",مشروبات غازيه,نعم,4.3,نعم,6.0,0,نعم,نعم";;;;;;;
"596860146349,سومطرة صغير 140 مل,سومطرة صغير 140 مل,"""",منتج,"""",اغذيه,نعم,2.85,نعم,4.0,0,نعم,نعم";;;;;;;
"801141683688,كوب بلاستيك عادي 50 قطعة,كوب بلاستيك عادي 50 قطعة,"""",منتج,"""",اكواب ورق وبلاستيك,نعم,0.79,نعم,2.0,0,نعم,نعم";;;;;;;
"580178233238,شوربة ماجي دجاج ظرف ,شوربة ماجي دجاج ظرف ,"""",منتج,"""",اغذيه,نعم,2.3,نعم,3.0,0,نعم,نعم";;;;;;;
"532990941888,حمضيات عائلي 2.20 لتر,حمضيات عائلي 2.20 لتر,"""",منتج,"""",مشروبات غازيه,نعم,7.33,نعم,10.0,0,نعم,نعم";;;;;;;
"714708263378,مسافر هيل بوكس*4,مسافر هيل بوكس*4,"""",منتج,"""",اغذيه,نعم,4.22,نعم,6.0,0,نعم,نعم";;;;;;;
"408033810485,مسافر زعفران بوكس *4,مسافر زعفران بوكس *4,"""",منتج,"""",اغذيه,نعم,4.75,نعم,6.5,0,نعم,نعم";;;;;;;
"233324522924,كيلوجز رقائق الذرة 375 جغ,كيلوجز رقائق الذرة 375 جغ,"""",منتج,"""",اغذيه,نعم,11.87,نعم,16.0,0,نعم,نعم";;;;;;;
"607461440127,سكر الاسرة 2 كيلو,سكر الاسرة 2 كيلو,"""",منتج,"""",اغذيه,نعم,6.84,نعم,9.0,0,نعم,نعم";;;;;;;
"238695593251,سكر الاسرة 1 كيلو,سكر الاسرة 1 كيلو,"""",منتج,"""",اغذيه,نعم,3.42,نعم,4.5,0,نعم,نعم";;;;;;;
"131988501787,كينزا كولا 250 مل,كينزا كولا 250 مل,"""",منتج,"""",مشروبات غازيه,نعم,1.17,نعم,2.0,0,نعم,نعم";;;;;;;
"829862100459,حليب السعودية شوكولاته 200مل ,حليب السعودية شوكولاته 200مل ,"""",منتج,"""",الالبان والحليب,نعم,1.69,نعم,2.0,0,نعم,نعم";;;;;;;
"875946320781,حلاوة نخلة سادة 250جم,حلاوة نخلة سادة 250جم,"""",منتج,"""",اغذيه,نعم,8.91,نعم,12.0,0,نعم,نعم";;;;;;;
"188142570330,ميرندا فراولة  علب 320 مل,ميرندا فراولة 320 مل,"""",منتج,"""",مشروبات غازيه,نعم,2.1,نعم,3.0,0,نعم,نعم";;;;;;;
"559655305806,حليب السعودية 500مل,حليب السعودية 500مل,"""",منتج,"""",الالبان والحليب,نعم,2.95,نعم,4.0,0,نعم,نعم";;;;;;;
"302591628691,ريد بول مشروب للطاقة 250 مل,ريد بول مشروب للطاقة 250 مل,"""",منتج,"""",مشروبات غازيه,نعم,9.73,نعم,13.0,0,نعم,نعم";;;;;;;
"172902475284,كوكا كولا زيرو 245 مل,كوكا كولا زيرو 245 مل,"""",منتج,5449000340122,مشروبات غازيه,نعم,1.38,نعم,2.0,0,نعم,نعم";;;;;;;
"132406093181,كوكا كولا دايت 240مل,كوكا كولا دايت 240مل,"""",منتج,"""",مشروبات غازيه,نعم,1.71,نعم,2.5,0,نعم,نعم";;;;;;;
"880802203929,كوكا كولا علبة 245 مل,كوكا كولا علبة 245 مل,"""",منتج,"""",مشروبات غازيه,نعم,1.59,نعم,2.5,0,نعم,نعم";;;;;;;
"117576688939,كوكا كولا علبة 320 مل,كوكا كولا علبة 320 مل,"""",منتج,5449000276308,مشروبات غازيه,نعم,2.1,نعم,2.5,0,نعم,نعم";;;;;;;
"188728850446,بيبسي 320 مل,بيبسي 320 مل,"""",منتج,"""",مشروبات غازيه,نعم,2.16,نعم,3.0,0,نعم,نعم";;;;;;;
"527881011426,ملاعق كبير ابيض 20*50,ملاعق كبير ابيض 20*50,"""",منتج,"""",الصنف الأساسي,نعم,22.0,نعم,30.0,0,نعم,نعم";;;;;;;
"943440804808,ملاعق صغيرة 10*100,ملاعق صغيرة 10*100,"""",منتج,"""",الصنف الأساسي,نعم,14.0,نعم,19.0,0,نعم,نعم";;;;;;;
"384329864032,شوت قاتل الحشرات 300 مل,شوت قاتل الحشرات 300 مل,"""",منتج,"""",الصنف الأساسي,نعم,2.79,نعم,4.0,0,نعم,نعم";;;;;;;
"202761007353,براو دترحن 12 حبة 1كجم,براو دترحن 12 حبة 1كجم,"""",منتج,"""",الصنف الأساسي,نعم,4.25,نعم,6.0,0,نعم,نعم";;;;;;;
"458360044321,مطعم رول زهرا 24 حبة ,مطعم رول زهرا 24 حبة ,"""",منتج,"""",الصنف الأساسي,نعم,10.5,نعم,14.0,0,نعم,نعم";;;;;;;
"556435480717,سبلك نت ألفا كبير 3*10,سبلك نت ألفا كبير 3*10,"""",منتج,"""",الصنف الأساسي,نعم,17.25,نعم,23.0,0,نعم,نعم";;;;;;;
"829590042473,مناديل 600 مفرد 4 طبقات ,مناديل 600 مفرد 4 طبقات ,"""",منتج,"""",الصنف الأساسي,نعم,2.87,نعم,4.0,0,نعم,نعم";;;;;;;
"771094829895,سن توب برتقال 125 مل صغير ,سن توب برتقال 125 مل صغير ,"""",منتج,"""",مشروبات غازيه,نعم,0.83,نعم,1.5,0,نعم,نعم";;;;;;;
"836886692381,مصاص البرتقال 125 مل,مصاص البرتقال 125 مل,"""",منتج,"""",مشروبات غازيه,نعم,0.93,نعم,1.5,0,نعم,نعم";;;;;;;
"766369936973,بيبسي مكس علب 320 مل,بيبسي مكس علب 320 مل,"""",منتج,"""",مشروبات غازيه,نعم,2.14,نعم,3.0,0,نعم,نعم";;;;;;;
"627827931203,سبارك علب كبير 250 مل,سبارك علب كبير 250 مل,"""",منتج,6287032070018,مشروبات غازيه,نعم,1.4,نعم,2.45,0,نعم,نعم";;;;;;;
"536084928598,ريتا ازرق 240 مل علب,ريتا ازرق 240 مل علب,"""",منتج,"""",مشروبات غازيه,نعم,1.66,نعم,2.5,0,نعم,نعم";;;;;;;
"898628793452,مصاص الربيع برتقال 250 مل ,مصاص الربيع برتقال 250 مل ,"""",منتج,"""",مشروبات غازيه,نعم,1.57,نعم,2.0,0,نعم,نعم";;;;;;;
"731907641718,ليز كبير متنوع 160 جم,ليز كبير متنوع 160 جم,"""",منتج,"""",شبس,نعم,4.71,نعم,6.35,0,نعم,نعم";;;;;;;
"954690779992,تسالي مشكل 55 جم,تسالي مشكل 55 جم,"""",منتج,"""",شبس,نعم,2.12,نعم,3.0,0,نعم,نعم";;;;;;;
"952883078552,شيتوس كرانشي متنوع 50 جم,شيتوس كرانشي متنوع 50 جم,"""",منتج,"""",شبس,نعم,2.0,نعم,3.0,0,نعم,نعم";;;;;;;
"617221600486,شيتوس كبير متنوع 210 جم,شيتوس كبير متنوع 210 جم,"""",منتج,"""",شبس,نعم,5.75,نعم,8.0,0,نعم,نعم";;;;;;;
"992585600831,ماكسي للاطفال 21 جم,ماكسي للاطفال 21 جم,"""",منتج,"""",شبس,نعم,0.62,نعم,1.0,0,نعم,نعم";;;;;;;
"304508212308,جالاكسي سادة حليب كبير 36 جم,جالاكسي سادة حليب كبير 36 جم,"""",منتج,"""",شبس,نعم,1.26,نعم,2.0,0,نعم,نعم";;;;;;;
"361161426061,سنيكرز صغير  30 جم,سنيكرز صغير  30 جم,"""",منتج,"""",شبس,نعم,0.68,نعم,1.0,0,نعم,نعم";;;;;;;
"232493218018,سنيكرز 40جم,سنيكرز 40جم,"""",منتج,"""",شبس,نعم,0.88,نعم,1.0,0,نعم,نعم";;;;;;;
"925813366722,ليز فورنو كبيرة ومتنوعة 160جم,ليز فورنو كبيرة ومتنوعة 160جم,"""",منتج,"""",شبس,نعم,6.67,نعم,9.0,0,نعم,نعم";;;;;;;
"395087681289,ليز فورنو 40جم,ليز فورنو 40جم,"""",منتج,"""",شبس,نعم,2.19,نعم,3.0,0,نعم,نعم";;;;;;;
"420180186551,سلطة سناك كوري 75 جم,سلطة سناك كوري 75 جم,"""",منتج,"""",شبس,نعم,2.97,نعم,4.0,0,نعم,نعم";;;;;;;
"239912591509,تسالي صغير متنوع 12 جم,تسالي صغير متنوع 12 جم,"""",منتج,"""",شبس,نعم,1.17,نعم,1.5,0,نعم,نعم";;;;;;;
"388623188402,ليز تشكلية 180 جم,ليز تشكلية 180 جم,"""",منتج,"""",شبس,نعم,5.17,نعم,7.0,0,نعم,نعم";;;;;;;
"542136440908,ايز فلفل حار منوع 45 جم,ايز فلفل حار منوع 45 جم,"""",منتج,"""",شبس,نعم,2.15,نعم,3.0,0,نعم,نعم";;;;;;;
"702010015298,رقائق ليز الجديدو المتنوعة 21 جم,رقائق ليز الجديدو المتنوعة 21 جم,"""",منتج,"""",شبس,نعم,0.76,نعم,1.0,0,نعم,نعم";;;;;;;
"816860359717,ليز صغيرة جديدة متنوعة 11 جم,ليز صغيرة جديدة متنوعة 11 جم,"""",منتج,"""",شبس,نعم,0.4,نعم,1.0,0,نعم,نعم";;;;;;;
"891308364580,صن بايتس زيتون واوريجانو 50 جم,صن بايتس زيتون واوريجانو 50 جم,"""",منتج,"""",اغذيه,نعم,2.12,نعم,3.0,0,نعم,نعم";;;;;;;
"459881236219,سن توب تفاح 125 مل ,سن توب تفاح 125 مل ,"""",منتج,"""",عصائر,نعم,0.9,نعم,1.5,0,نعم,نعم";;;;;;;
"344849252408,سبرايت ليمون ونعناع 250 مل زجاجه,سبرايت ليمون ونعناع 250 مل زجاجه,"""",منتج,"""",مشروبات غازيه,نعم,2.06,نعم,3.0,0,نعم,نعم";;;;;;;
"521005254584,اندومي دجاج بلدي كبير ,اندومي دجاج بلدي كبير ,"""",منتج,"""",اغذيه,نعم,5.86,نعم,8.0,0,نعم,نعم";;;;;;;
"733338830379,ريتا وردي 240مل علب ,ريتا وردي 240مل علب ,"""",منتج,"""",عصائر,نعم,1.66,نعم,2.5,0,نعم,نعم";;;;;;;
"790021446031,ريتا توت مشكل 240 مل علب ,ريتا توت مشاكل 240 مل علب ,"""",منتج,"""",عصائر,نعم,1.66,نعم,2.5,0,نعم,نعم";;;;;;;
"953621848900,ريتا موهيتو 240مل علب ,ريتا موهيتو 240مل علب ,"""",منتج,"""",عصائر,نعم,1.66,نعم,2.5,0,نعم,نعم";;;;;;;
"231426593983,ريتا احمر 240مل علب ,ريتا احمر 240مل علب ,"""",منتج,"""",عصائر,نعم,1.66,نعم,2.5,0,نعم,نعم";;;;;;;
"635633315506,كود رد كبير 250مل ,كود رد كبير 250مل ,"""",منتج,"""",عصائر,نعم,4.19,نعم,6.0,0,نعم,نعم";;;;;;;
"887064198459,سن توب توت 125 مل صغير ,سن توب توت 125 مل صغير ,"""",منتج,"""",عصائر,نعم,0.82,نعم,1.5,0,نعم,نعم";;;;;;;
"993990562335,سن توب توت 250مل  كبير ,سن توب توت 250مل  كبير ,"""",منتج,"""",عصائر,نعم,1.55,نعم,2.0,0,نعم,نعم";;;;;;;
"437938696452,سن توب برتقال 250 مل كبير,سن توب برتقال 250 مل كبير,"""",منتج,"""",عصائر,نعم,1.55,نعم,2.5,0,نعم,نعم";;;;;;;
"748336734004,مصاص البرتقال 250 مل ,مصاص البرتقال 250 مل ,"""",منتج,"""",عصائر,نعم,1.57,نعم,2.5,0,نعم,نعم";;;;;;;
"933582466411,حليب السعودية بالموز 200 مل ,حليب السعودية بالموز 200 مل ,"""",منتج,"""",اغذيه,نعم,1.69,نعم,2.5,0,نعم,نعم";;;;;;;
"590820640407,كي دي دي مانجو 180 مل ,كي دي دي مانجو 180 مل ,"""",منتج,"""",اغذيه,نعم,1.15,نعم,2.0,0,نعم,نعم";;;;;;;
"711640078596,كي دي دي جوافة 180 مل ,كي دي دي جوافة 180 مل ,"""",منتج,"""",عصائر,نعم,1.15,نعم,2.0,0,نعم,نعم";;;;;;;
"218038777216,كي دي دي كرز 180 مل ,كي دي دي كرز 180 مل ,"""",منتج,"""",اغذيه,نعم,1.15,نعم,2.0,0,نعم,نعم";;;;;;;
"897869821922,كي دي دي مشكل 180 مل,كي دي دي مشكل 180 مل,"""",منتج,"""",اغذيه,نعم,2.3,نعم,3.0,0,نعم,نعم";;;;;;;
"703330359241,كي دي دي تفاح 180 مل ,كي دي دي تفاح 180 مل ,"""",منتج,"""",اغذيه,نعم,1.02,نعم,1.5,0,نعم,نعم";;;;;;;
"461211823674,كيي دي فراولة 180 مل ,كيي دي فراولة 180 مل ,"""",منتج,"""",اغذيه,نعم,1.3,نعم,2.0,0,نعم,نعم";;;;;;;
"124245652057,كي دي دي شوكولاته 200 مل,كي دي دي شوكولاته 200 مل,"""",منتج,"""",اغذيه,نعم,1.69,نعم,2.5,0,نعم,نعم";;;;;;;
"745017401838,سبير تي بنكهة الحمضيات والنعناع 1 لتر,سبير تي بنكهة الحمضيات والنعناع 1 لتر,"""",منتج,"""",عصائر,نعم,3.58,نعم,5.0,0,نعم,نعم";;;;;;;
"739522700530,سبرايت 1 لتر,سبرايت 1 لتر,"""",منتج,"""",مشروبات غازيه,نعم,3.5,نعم,5.0,0,نعم,نعم";;;;;;;
"121148122932,سبرايت 2.15 لتر,سبرايت 2.15 لتر,"""",منتج,"""",مشروبات غازيه,نعم,6.91,نعم,9.5,0,نعم,نعم";;;;;;;
"558465697202,سبرايت زجاج 250 مل,سبرايت زجاج 250 مل,"""",منتج,"""",مشروبات غازيه,نعم,1.98,نعم,2.5,0,نعم,نعم";;;;;;;
"602624662707,كينزا رمان 250 مل ,كينزا رمان 250 مل ,"""",منتج,"""",مشروبات غازيه,نعم,1.17,نعم,2.0,0,نعم,نعم";;;;;;;
"805257597177,كينزا كولا دايت 250 مل ,كينزا كولا دايت 250 مل ,"""",منتج,"""",مشروبات غازيه,نعم,1.17,نعم,2.0,0,نعم,نعم";;;;;;;
"819083797783,كينزا كولا دايت 320 مل ,كينزا كولا دايت 320 مل ,"""",منتج,"""",مشروبات غازيه,نعم,1.6,نعم,2.5,0,نعم,نعم";;;;;;;
"476059539776,كينزا ليمون زيرو سكر 320 مل ,كينزا ليمون زيرو سكر 320 مل ,"""",منتج,"""",مشروبات غازيه,نعم,1.6,نعم,2.5,0,نعم,نعم";;;;;;;
"230108064863,كينزا رمان 320 مل ,كينزا رمان 320 مل ,"""",منتج,"""",مشروبات غازيه,نعم,1.6,نعم,2.5,0,نعم,نعم";;;;;;;
"655895003870,كينزا توت بري 250 مل,كينزا توت بري 250 مل,"""",منتج,"""",مشروبات غازيه,نعم,1.17,نعم,2.0,0,نعم,نعم";;;;;;;
"685304095568,كينزا ليمون زيرو سكر 250 مل ,كينزا ليمون زيرو سكر 250 مل ,"""",منتج,"""",مشروبات غازيه,نعم,1.17,نعم,2.0,0,نعم,نعم";;;;;;;
"598489065510,كينزا كولا 320 مل ,كينزا كولا 320 مل ,"""",منتج,"""",مشروبات غازيه,نعم,1.6,نعم,2.5,0,نعم,نعم";;;;;;;
"832612571748,كينزا برتقال 320 مل ,كينزا برتقال 320 مل ,"""",منتج,"""",مشروبات غازيه,نعم,1.6,نعم,2.5,0,نعم,نعم";;;;;;;
"549283590244,كينزا ليمون 320 مل ,كينزا ليمون 320 مل ,"""",منتج,"""",مشروبات غازيه,نعم,1.6,نعم,2.5,0,نعم,نعم";;;;;;;
"446237399681,كينزا برتقال 250 مل ,كينزا برتقال 250 مل ,"""",منتج,"""",مشروبات غازيه,نعم,1.17,نعم,2.0,0,نعم,نعم";;;;;;;
"795281926674,كينزا ليمون 250 مل ,كينزا ليمون 250 مل ,"""",منتج,"""",مشروبات غازيه,نعم,1.17,نعم,2.0,0,نعم,نعم";;;;;;;
"213535263589,كينزا حمضيات 250 مل ,كينزا حمضيات 250 مل ,"""",منتج,"""",مشروبات غازيه,نعم,1.17,نعم,2.0,0,نعم,نعم";;;;;;;
"120554505507,كولا عائلي 2.2 لتر ,كولا عائلي 2.2 لتر ,"""",منتج,"""",مشروبات غازيه,نعم,6.41,نعم,9.0,0,نعم,نعم";;;;;;;
"253195967117,ميرندا برتقال بلاستيك 250 مل ,ميرندا برتقال بلاستيك 250 مل ,"""",منتج,"""",مشروبات غازيه,نعم,1.3,نعم,2.0,0,نعم,نعم";;;;;;;
"721073630830,سفن زجاج 250 مل ,سفن زجاج 250 مل ,"""",منتج,"""",مشروبات غازيه,نعم,1.85,نعم,2.5,0,نعم,نعم";;;;;;;
"741068635972,شاني زجاجة 250 مل ,شاني زجاجة 250 مل ,"""",منتج,"""",مشروبات غازيه,نعم,1.88,نعم,2.5,0,نعم,نعم";;;;;;;
"684935824573,ميرندا برتقال زجاجة 250 مل ,ميرندا برتقال زجاجة 250 مل ,"""",منتج,"""",مشروبات غازيه,نعم,1.85,نعم,2.5,0,نعم,نعم";;;;;;;
"571477283644,فانتا فراولة زجاجة 250 مل ,فانتا فراولة زجاجة 250 مل ,"""",منتج,"""",عصائر,نعم,1.98,نعم,2.5,0,نعم,نعم";;;;;;;
"361995826203,فانتا برتقال زجاجة 250 مل,فانتا برتقال زجاجة 250 مل,"""",منتج,"""",عصائر,نعم,1.98,نعم,2.5,0,نعم,نعم";;;;;;;
"697526184781,فانتا فراولة علب 250 مل ,فانتا فراولة علب 250 مل ,"""",منتج,"""",عصائر,نعم,1.77,نعم,2.5,0,نعم,نعم";;;;;;;
"918450475017,فانتا برتقال علب 250 مل ,فانتا برتقال علب 250 مل ,"""",منتج,"""",عصائر,نعم,1.7,نعم,2.5,0,نعم,نعم";;;;;;;
"653152764854,ديو زجاج 250 مل ,ديو زجاج 250 مل ,"""",منتج,"""",عصائر,نعم,1.85,نعم,2.5,0,نعم,نعم";;;;;;;
"397927341364,حمضيات زجاج 250 مل ,حمضيات زجاج 250 مل ,"""",منتج,"""",عصائر,نعم,1.88,نعم,2.5,0,نعم,نعم";;;;;;;
"240172018321,بيبسي وجاج دايت 250 مل ,بيبسي وجاج دايت 250 مل ,"""",منتج,"""",مشروبات غازيه,نعم,1.88,نعم,2.5,0,نعم,نعم";;;;;;;
"126790060131,بيبسي زجاج 250 مل ,بيبسي زجاج 250 مل ,"""",منتج,"""",مشروبات غازيه,نعم,1.85,نعم,2.5,0,نعم,نعم";;;;;;;
"871874180585,رز ابو كاس عنبر 5 كيلو,رز ابو كاس عنبر 5 كيلو,"""",منتج,"""",اغذيه,نعم,36.5,نعم,49.0,0,نعم,نعم";;;;;;;
"674688911618,رز ابو كاس 3 كيلو ,رز ابو كاس 3 كيلو ,"""",منتج,"""",اغذيه,نعم,22.8,نعم,31.0,0,نعم,نعم";;;;;;;
"122193623592,فيمتو هاني بلو 250 مل ,فيمتو هاني بلو 250 مل ,"""",منتج,"""",اغذيه,نعم,1.48,نعم,2.0,0,نعم,نعم";;;;;;;
"484923468531,عصير المراعي فواكه مشكل 140 مل ,عصير المراعي فواكه مشكل 140 مل ,"""",منتج,"""",عصائر,نعم,0.75,نعم,1.0,0,نعم,نعم";;;;;;;
"107709027376,حليب المراعي فراولة 150 مل ,حليب المراعي فراولة 150 مل ,"""",منتج,"""",اغذيه,نعم,0.89,نعم,1.0,0,نعم,نعم";;;;;;;
"723850107710,حليب المراعي موز 150 مل ,حليب المراعي موز 150 مل ,"""",منتج,"""",اغذيه,نعم,0.89,نعم,1.0,0,نعم,نعم";;;;;;;
"862848789617,حليب السعودية 200 مل,حليب السعودية 200 مل,"""",منتج,"""",اغذيه,نعم,1.54,نعم,2.0,0,نعم,نعم";;;;;;;
"979782081132,سبرايت حمضيات ونعناع 320 مل ,سبرايت حمضيات ونعناع 320 مل ,"""",منتج,"""",مشروبات غازيه,نعم,2.16,نعم,3.0,0,نعم,نعم";;;;;;;
"311625671957,كينزا حمضيات 180 مل,كينزا حمضيات 180 مل,"""",منتج,"""",عصائر,نعم,0.94,نعم,1.5,0,نعم,نعم";;;;;;;
"225551461451,كينزا ليمون 185 مل ,كينزا ليمون 185 مل ,"""",منتج,"""",عصائر,نعم,0.94,نعم,1.5,0,نعم,نعم";;;;;;;
"367555881653,كينزا برتقال 185 مل ,كينزا برتقال 185 مل ,"""",منتج,"""",عصائر,نعم,0.94,نعم,1.5,0,نعم,نعم";;;;;;;
"691370536205,كينزا كولا 185 مل ,كينزا كولا 185 مل ,"""",منتج,"""",عصائر,نعم,0.94,نعم,1.5,0,نعم,نعم";;;;;;;
"185138711204,بي كولا علب 250 مل ,بيكولا علب 250 مل ,"""",منتج,"""",عصائر,نعم,1.09,نعم,1.5,0,نعم,نعم";;;;;;;
"722792215036,ميرندا تفاح 1 لتر ,ميرندا تفاح 1 لتر ,"""",منتج,"""",مشروبات غازيه,نعم,4.42,نعم,6.0,0,نعم,نعم";;;;;;;
"764218775749,حمضيات زيرو سكر 1 لتر,حمضيات زيرو سكر 1 لتر,"""",منتج,"""",عصائر,نعم,4.25,نعم,6.0,0,نعم,نعم";;;;;;;
"934307630241,حمضيات 1 لتر,حمضيات 1 لتر,"""",منتج,"""",عصائر,نعم,4.3,نعم,6.0,0,نعم,نعم";;;;;;;
"451091041495,بيبسي ماكس 1 لتر ,بيبسي ماكس 1 لتر ,"""",منتج,"""",مشروبات غازيه,نعم,4.25,نعم,6.0,0,نعم,نعم";;;;;;;
"841911715811,بيبسي دايت 1 لتر ,بيبسي دايت 1 لتر ,"""",منتج,"""",مشروبات غازيه,نعم,4.25,نعم,6.0,0,نعم,نعم";;;;;;;
"751677706084,شاني علب 240 مل ,شاني علب 240 مل ,"""",منتج,"""",عصائر,نعم,1.7,نعم,2.5,0,نعم,نعم";;;;;;;
"571106544754,شاني علب 320 مل ,شاني علب 320 مل ,"""",منتج,"""",عصائر,نعم,2.1,نعم,3.0,0,نعم,نعم";;;;;;;
"513553097739,ميرندا بلس مانجو جوج 300 مل ,ميرندا بلس مانجو جوج 300 مل ,"""",منتج,"""",مشروبات غازيه,نعم,2.42,نعم,3.0,0,نعم,نعم";;;;;;;
"345215325384,ميرندا بلس ليمون نعناع 300 مل ,ميرندا بلس ليمون نعناع 300 مل ,"""",منتج,"""",عصائر,نعم,2.45,نعم,3.0,0,نعم,نعم";;;;;;;
"833175184366,ميرندا بلس تفاح 300 مل ,ميرندا بلس تفاح 300 مل ,"""",منتج,"""",عصائر,نعم,2.42,نعم,3.0,0,نعم,نعم";;;;;;;
"996150187656,بيبيسي,ميرندا برتقال علب 240 مل ,"""",منتج,"""",عصائر,نعم,1.7,نعم,2.5,0,نعم,نعم";;;;;;;
"427064306161,ميرندا برتقال علب 320 مل ,ميرندا برتقال علب 320 مل ,"""",منتج,"""",عصائر,نعم,2.1,نعم,3.0,0,نعم,نعم";;;;;;;
"142795396384,سفن دايت 320 مل ,سفن دايت 320 مل ,"""",منتج,"""",مشروبات غازيه,نعم,2.1,نعم,3.0,0,نعم,نعم";;;;;;;
"857296145509,سفن علبه 320 مل ,سفن علبه 320 مل ,"""",منتج,"""",مشروبات غازيه,نعم,2.1,نعم,3.0,0,نعم,نعم";;;;;;;
"269284704348,سفن طويل 240 مل,سفن طويل 240 مل,"""",منتج,"""",مشروبات غازيه,نعم,1.7,نعم,2.5,0,نعم,نعم";;;;;;;
"757782659956,كوكا كولا 2.15م,كوكا كولا 2.15م,"""",منتج,5449000291899,مشروبات غازيه,نعم,8.0,نعم,9.0,0,نعم,نعم";;;;;;;
